order_id,customer_id,order_date,product,category,price,quantity,total_amount,is_quantity_invalid
1,C095,2026-01-25,Sofa,Furniture,7784.752609956489,2,15569.505219912979,False
2,C005,2026-01-31,Computer,Electronics,3970.8008861193107,1,3970.8008861193107,False
3,C084,2025-04-07,Computer,Electronics,,3,,False
4,C016,2026-02-18,Necklace,Accessories,7976.060677787076,3,23928.182033361227,False
5,C068,2025-04-19,Computer,Electronics,,2,,False
6,C066,2026-01-01,Sofa,Furniture,5962.236202437312,2,11924.472404874625,False
7,C093,2025-07-28,Computer,Electronics,7804.5237686569235,4,31218.095074627694,False
8,C014,2025-04-17,Ring,Accessories,4474.242813797946,2,8948.485627595892,False
9,C089,2025-03-19,Notebook,Office,3517.967325823302,1,3517.967325823302,False
10,C042,2025-12-03,Ring,Accessories,3636.089703767292,2,7272.179407534584,False
11,C020,2025-03-12,Bed,Furniture,1921.7109904211286,1,1921.7109904211286,False
12,C076,2025-08-14,Notebook,Office,5123.1410991819685,1,5123.1410991819685,False
13,C053,2026-02-17,Computer,Electronics,2325.7457758472187,4,9302.983103388875,False
14,C067,2025-12-20,Notebook,Office,4739.2390500163465,3,14217.71715004904,False
15,C044,2025-11-13,Mouse,Electronics,2058.658730279339,1,2058.658730279339,False
16,C034,2025-08-04,Mouse,Electronics,1685.7543633123073,2,3371.5087266246146,False
17,C035,2025-03-12,KeyBoard,Electronics,2433.017613711541,1,2433.017613711541,False
18,C076,2026-02-06,Mouse,Electronics,3889.536140535235,3,11668.608421605706,False
19,C004,2025-08-07,Notebook,Office,,4,,False
20,C094,2025-04-29,KeyBoard,Electronics,4809.790168159795,4,19239.16067263918,False
21,C015,2025-07-23,Bed,Furniture,7679.357528937744,5,38396.787644688724,False
22,C094,2026-02-08,Necklace,Accessories,8805.288858679316,4,35221.155434717264,False
23,C080,2025-09-03,KeyBoard,Electronics,2180.680670273819,5,10903.403351369096,False
24,C013,2025-09-22,Ring,Accessories,3692.3217705225084,5,18461.608852612542,False
25,C043,2026-01-09,Computer,Electronics,3894.5324875946008,1,3894.5324875946008,False
26,C018,2025-12-13,Necklace,Accessories,9609.711359689107,2,19219.422719378214,False
27,C020,2025-04-04,Mouse,Electronics,2563.110289559264,0,0.0,True
28,C072,2025-10-20,KeyBoard,Electronics,9254.173364509386,2,18508.346729018773,False
29,C010,2025-07-13,Necklace,Accessories,3990.460152260206,4,15961.840609040824,False
30,C059,2025-07-06,Necklace,Accessories,4122.673800435724,2,8245.347600871448,False
31,C042,2025-06-12,Ring,Accessories,234.9602758355971,4,939.8411033423884,False
32,C051,2025-05-17,Necklace,Accessories,329.20056183993836,5,1646.002809199692,False
33,C052,2025-03-02,Sofa,Furniture,5087.469426923782,4,20349.877707695126,False
34,C020,2025-11-12,Bed,Furniture,606.4307430774691,0,0.0,True
35,C003,2025-05-26,Notebook,Office,5412.530774656322,4,-21650.12309862529,False
36,C050,2025-04-14,Mouse,Electronics,1402.5934110994765,0,0.0,True
37,C046,2025-05-01,Computer,Electronics,7654.5343655744055,2,15309.068731148811,False
38,C067,2025-05-10,Computer,Electronics,3153.6538027218908,4,12614.615210887563,False
39,C076,2025-09-21,Necklace,Accessories,409.5689220321794,3,1228.706766096538,False
40,C076,2025-08-24,Sofa,Furniture,7370.976281452462,1,7370.976281452462,False
41,C025,2026-02-09,Necklace,Accessories,3738.544747620489,0,0.0,True
42,C099,2025-10-14,Ring,Accessories,7592.47043881282,2,15184.94087762564,False
43,C092,2025-03-19,Necklace,Accessories,473.210420070634,2,946.420840141268,False
44,C008,2025-04-03,Bed,Furniture,8438.568428769935,3,25315.705286309807,False
45,C093,2025-06-09,Ring,Accessories,6675.820162841805,1,6675.820162841805,False
46,C089,2026-02-01,Vacuum,Electronics,6290.138596467753,0,0.0,True
47,C043,2025-11-25,Ring,Accessories,8386.368640006658,4,33545.47456002663,False
48,C069,2026-01-09,Computer,Electronics,2442.378857110301,5,12211.894285551505,False
49,C074,2025-12-20,Bed,Furniture,3262.6264260654402,4,13050.505704261761,False
50,C076,2025-11-19,Ring,Accessories,385.7049935706683,4,1542.8199742826732,False
51,C027,2025-12-25,Vacuum,Electronics,2724.6527104751285,1,2724.6527104751285,False
52,C075,2026-02-23,KeyBoard,Electronics,5427.095589985862,4,21708.382359943447,False
53,C100,2025-09-29,Sofa,Furniture,9769.227510368362,4,39076.91004147345,False
54,C056,2025-06-01,Necklace,Accessories,5791.355781387396,1,5791.355781387396,False
55,C063,2025-08-07,Bed,Furniture,3436.648468277256,3,10309.945404831768,False
56,C024,2025-09-09,Vacuum,Electronics,1317.5150125061982,3,3952.5450375185947,False
57,C059,2025-12-26,Vacuum,Electronics,420.0557231195502,0,0.0,True
58,C025,2025-09-13,Vacuum,Electronics,1274.7610583693192,2,2549.5221167386385,False
59,C041,2026-02-10,Necklace,Accessories,4662.838172309227,3,13988.51451692768,False
60,C052,2025-12-27,Notebook,Office,9572.821097091593,1,9572.821097091593,False
61,C037,2025-08-05,Vacuum,Electronics,808.516395156508,2,1617.032790313016,False
62,C049,2025-08-30,Sofa,Furniture,8445.713719954849,1,8445.713719954849,False
63,C077,2025-07-02,Bed,Furniture,9361.316818737934,2,18722.63363747587,False
64,C094,2025-09-16,Sofa,Furniture,5962.668185215149,2,11925.336370430297,False
65,C008,2025-08-01,Sofa,Furniture,2499.356598753123,4,9997.426395012491,False
66,C059,2025-04-09,Ring,Accessories,1531.7002751193281,5,7658.501375596641,False
67,C088,2025-04-27,Mouse,Electronics,5175.8847216159165,0,0.0,True
68,C050,2025-04-10,KeyBoard,Electronics,6498.927772181537,4,25995.711088726148,False
69,C041,2025-08-19,Computer,Electronics,8714.941184783725,3,26144.823554351176,False
70,C011,2025-11-16,KeyBoard,Electronics,9075.552866639207,3,27226.658599917624,False
71,C065,2025-03-21,Bed,Furniture,6671.904341405754,2,13343.808682811508,False
72,C019,2025-09-30,KeyBoard,Electronics,4840.8273024070395,3,14522.481907221118,False
73,C028,2026-02-12,KeyBoard,Electronics,542.0264390865055,1,542.0264390865055,False
74,C014,2025-10-02,Ring,Accessories,3961.1899300547625,4,15844.75972021905,False
75,C099,2025-06-14,Bed,Furniture,9790.545683283863,0,0.0,True
76,C089,2025-04-26,Necklace,Accessories,797.2452406986044,1,797.2452406986044,False
77,C058,2025-11-01,Sofa,Furniture,1177.1198341848324,2,2354.2396683696647,False
78,C005,2025-04-20,Computer,Electronics,4106.034468916981,2,8212.068937833961,False
79,C089,2025-05-28,Vacuum,Electronics,6016.736071999977,3,18050.20821599993,False
80,C081,2025-08-28,Sofa,Furniture,4687.863104707177,4,18751.452418828707,False
81,C094,2025-05-30,Sofa,Furniture,6758.0916477800965,3,20274.27494334029,False
82,C094,2025-12-02,Vacuum,Electronics,7414.445788361722,3,22243.337365085168,False
83,C057,2025-06-16,Notebook,Office,,3,,False
84,C092,2025-08-06,Mouse,Electronics,4412.494214907336,2,8824.988429814672,False
85,C097,2025-11-02,Ring,Accessories,9233.793144544647,3,27701.37943363394,False
86,C009,2025-08-29,Notebook,Office,5154.293659353149,5,25771.468296765746,False
87,C058,2025-08-10,Necklace,Accessories,3009.820942315613,2,6019.641884631226,False
88,C055,2026-01-08,Vacuum,Electronics,3217.7062167961944,3,9653.118650388584,False
89,C019,2025-05-31,Mouse,Electronics,678.2143397687057,2,1356.4286795374114,False
90,C092,2025-09-07,Mouse,Electronics,,3,,False
91,C027,2026-01-11,Necklace,Accessories,3038.5713446825785,0,0.0,True
92,C016,2025-11-13,Mouse,Electronics,7822.375011003599,4,31289.500044014396,False
93,C047,2025-09-09,Mouse,Electronics,1292.0560116812155,1,1292.0560116812155,False
94,C037,2025-05-20,Sofa,Furniture,3475.523023984009,0,0.0,True
95,C085,2025-12-22,Mouse,Electronics,3191.8539604845173,1,3191.8539604845173,False
96,C009,2025-06-10,Bed,Furniture,2896.924913165792,1,2896.924913165792,False
97,C051,2026-01-26,Notebook,Office,8014.694750948388,3,24044.084252845165,False
98,C068,2025-04-14,Bed,Furniture,3280.488762091439,4,13121.955048365757,False
99,C009,2025-03-28,Ring,Accessories,1086.310938225945,3,3258.932814677835,False
100,C021,2025-11-21,KeyBoard,Electronics,157.07138428179758,2,314.14276856359515,False
101,C013,2025-03-29,Sofa,Furniture,6682.985187245061,0,0.0,True
102,C094,2025-12-23,Computer,Electronics,5090.611888200487,2,10181.223776400973,False
103,C053,2025-12-26,Sofa,Furniture,4131.786652323982,2,8263.573304647964,False
104,C053,2026-01-15,Vacuum,Electronics,9831.921629139531,1,9831.921629139531,False
105,C008,2025-11-06,Mouse,Electronics,6755.604366373466,4,27022.417465493865,False
106,C099,2025-07-16,Mouse,Electronics,6928.579651290887,2,13857.159302581775,False
107,C083,2025-11-16,Ring,Accessories,,0,,True
108,C093,2025-03-05,Mouse,Electronics,9058.816050832884,2,18117.632101665768,False
109,C078,2025-10-27,Bed,Furniture,4532.150024193464,1,4532.150024193464,False
110,C030,2025-12-01,Sofa,Furniture,4911.716539519301,0,0.0,True
111,C038,2025-12-03,KeyBoard,Electronics,,5,,False
112,C084,2025-03-27,KeyBoard,Electronics,8216.306408005777,4,32865.22563202311,False
113,C023,2025-11-21,Notebook,Office,4671.011783449823,3,14013.03535034947,False
114,C032,2025-05-17,Necklace,Accessories,5958.543807024925,1,5958.543807024925,False
115,C066,2025-03-06,Ring,Accessories,4109.5040233193195,3,12328.512069957958,False
116,C098,2025-08-03,KeyBoard,Electronics,8368.555408644545,1,8368.555408644545,False
117,C044,2025-06-25,Sofa,Furniture,2434.3967294010486,5,-12171.983647005243,False
118,C074,2025-12-30,KeyBoard,Electronics,1387.7635364882292,0,0.0,True
119,C053,2025-11-08,Bed,Furniture,7274.427254204159,2,14548.854508408318,False
120,C099,2025-02-26,Ring,Accessories,9998.447945903335,3,29995.343837710006,False
121,C055,2025-10-25,Computer,Electronics,2924.0333859330235,4,11696.133543732094,False
122,C090,2025-09-27,Notebook,Office,5445.109811722393,2,10890.219623444786,False
123,C080,2025-10-06,Necklace,Accessories,1594.929719508317,3,4784.789158524951,False
124,C089,2025-03-28,Ring,Accessories,4161.513690670469,4,16646.054762681877,False
125,C091,2025-12-01,Vacuum,Electronics,256.3444506262139,4,1025.3778025048557,False
126,C093,2025-02-28,Necklace,Accessories,1468.3341249453408,4,5873.336499781363,False
127,C056,2025-09-01,Notebook,Office,9755.771585781122,2,19511.543171562244,False
128,C023,2025-03-12,Bed,Furniture,6918.2271713266955,2,13836.454342653391,False
129,C057,2025-05-08,Sofa,Furniture,2240.0575288125665,4,8960.230115250266,False
130,C065,2025-11-26,KeyBoard,Electronics,372.0676541731872,5,1860.338270865936,False
131,C061,2025-10-03,Mouse,Electronics,9467.072085377578,0,0.0,True
132,C049,2025-12-24,Computer,Electronics,7441.83912510972,5,37209.1956255486,False
133,C036,2025-03-07,Vacuum,Electronics,1629.4773258465796,3,4888.431977539739,False
134,C048,2025-05-08,KeyBoard,Electronics,2033.1260972352006,1,2033.1260972352006,False
135,C064,2025-08-04,Computer,Electronics,5827.9139687846355,3,17483.741906353906,False
136,C013,2025-07-07,Mouse,Electronics,69.73943485401784,5,348.69717427008925,False
137,C015,2025-12-27,Sofa,Furniture,6518.774575735384,3,19556.323727206152,False
138,C022,2025-09-03,Notebook,Office,9516.8380391008,1,9516.8380391008,False
139,C020,2026-02-02,Bed,Furniture,7722.15355443387,5,38610.767772169354,False
140,C022,2026-02-03,Notebook,Office,9521.029396325906,0,0.0,True
141,C095,2025-07-28,KeyBoard,Electronics,4478.042933067991,4,-17912.171732271963,False
142,C062,2025-04-28,Mouse,Electronics,3028.7370391322174,4,12114.94815652887,False
143,C088,2025-08-07,Computer,Electronics,6382.666822984099,3,19148.000468952298,False
144,C070,2025-06-04,Necklace,Accessories,7369.110560755863,4,29476.44224302345,False
145,C051,2025-03-02,Computer,Electronics,261.9185688284149,3,785.7557064852447,False
146,C091,2025-05-24,Ring,Accessories,6958.049670537674,4,27832.198682150694,False
147,C090,2026-01-11,Sofa,Furniture,4641.402010734472,5,23207.010053672362,False
148,C045,2025-09-20,Vacuum,Electronics,2231.570727980702,3,6694.712183942106,False
149,C005,2025-09-05,Notebook,Office,9057.973409941394,1,9057.973409941394,False
150,C098,2025-06-29,Bed,Furniture,8732.999405225606,2,17465.998810451212,False
151,C099,2025-06-28,KeyBoard,Electronics,8791.217743960819,0,0.0,True
152,C046,2025-10-05,Sofa,Furniture,1538.3302351350562,4,6153.320940540225,False
153,C096,2025-11-24,Vacuum,Electronics,9407.473692494958,0,0.0,True
154,C069,2026-02-04,KeyBoard,Electronics,6389.636672257264,5,31948.18336128632,False
155,C025,2025-05-08,Bed,Furniture,5888.988895322514,4,23555.955581290054,False
156,C009,2026-02-07,Ring,Accessories,1558.8168069885985,1,1558.8168069885985,False
157,C027,2025-11-09,Bed,Furniture,4943.276464442326,0,0.0,True
158,C064,2025-08-09,Bed,Furniture,1214.7881925555628,4,4859.152770222251,False
159,C076,2025-11-17,KeyBoard,Electronics,7744.93887017002,1,7744.93887017002,False
160,C081,2025-12-14,Mouse,Electronics,4287.665799607473,3,12862.99739882242,False
161,C073,2026-02-12,Mouse,Electronics,3194.929043372238,0,0.0,True
162,C065,2025-04-14,KeyBoard,Electronics,8031.495941341051,0,0.0,True
163,C084,2025-04-08,Ring,Accessories,,4,,False
164,C025,2025-03-22,Vacuum,Electronics,7262.968865764848,0,0.0,True
165,C089,2025-10-14,Sofa,Furniture,3530.92560459976,1,3530.92560459976,False
166,C094,2025-04-13,Necklace,Accessories,5962.770074531865,4,23851.08029812746,False
167,C081,2025-07-01,Necklace,Accessories,3518.8207138671028,0,0.0,True
168,C083,2025-06-22,Computer,Electronics,6257.8275438517685,2,12515.655087703537,False
169,C034,2025-10-01,KeyBoard,Electronics,2576.492505570626,2,5152.985011141252,False
170,C041,2026-01-17,Ring,Accessories,3346.1344550594804,5,16730.672275297402,False
171,C074,2025-12-22,Necklace,Accessories,1264.9414659820661,4,5059.7658639282645,False
172,C090,2025-09-28,Necklace,Accessories,3642.5967409413315,3,10927.790222823995,False
173,C061,2025-06-08,Mouse,Electronics,2665.699863881965,0,0.0,True
174,C088,2025-11-22,Necklace,Accessories,4427.055867096416,5,22135.27933548208,False
175,C087,2025-11-28,Sofa,Furniture,9650.243206600633,3,28950.7296198019,False
176,C085,2025-03-28,Ring,Accessories,,0,,True
177,C001,2026-02-15,Mouse,Electronics,3216.4410565538024,3,9649.323169661408,False
178,C089,2025-04-12,Necklace,Accessories,3526.35461194253,0,0.0,True
179,C060,2025-07-02,Vacuum,Electronics,2103.691158245447,1,2103.691158245447,False
180,C057,2025-07-01,Vacuum,Electronics,5627.0948270890285,5,28135.474135445143,False
181,C081,2026-01-29,KeyBoard,Electronics,1527.8285560493132,5,7639.142780246566,False
182,C049,2025-06-19,Notebook,Office,9551.577007973056,5,47757.88503986528,False
183,C065,2025-08-22,Notebook,Office,6913.122227522789,4,27652.488910091157,False
184,C046,2025-11-04,Notebook,Office,4095.828996836439,2,8191.657993672878,False
185,C079,2025-04-08,Ring,Accessories,,2,,False
186,C046,2026-02-24,Ring,Accessories,4679.044405387776,5,23395.22202693888,False
187,C061,2026-01-07,Bed,Furniture,636.0766948379774,2,1272.1533896759547,False
188,C067,2025-08-19,Mouse,Electronics,8543.126307975775,2,17086.25261595155,False
189,C096,2025-12-30,Notebook,Office,7866.575999927295,3,23599.727999781884,False
190,C080,2025-06-26,Necklace,Accessories,6707.120822942703,1,6707.120822942703,False
191,C081,2025-08-03,KeyBoard,Electronics,,2,,False
192,C067,2025-08-14,Mouse,Electronics,5714.040582477517,0,-0.0,True
193,C043,2026-01-10,Necklace,Accessories,9329.25750004286,2,18658.51500008572,False
194,C096,2025-11-12,Sofa,Furniture,3546.818545233482,2,7093.637090466964,False
195,C045,2026-02-07,Sofa,Furniture,383.8598092433509,0,0.0,True
196,C048,2025-07-16,Sofa,Furniture,9457.080923889218,5,47285.40461944609,False
197,C020,2025-11-15,Notebook,Office,2635.104268469549,3,7905.312805408646,False
198,C089,2025-02-27,Vacuum,Electronics,1664.975945702151,5,8324.879728510754,False
199,C081,2025-07-10,Necklace,Accessories,4653.332414245756,3,13959.997242737267,False
200,C036,2025-04-28,Vacuum,Electronics,1037.0175809946588,2,2074.0351619893177,False
201,C075,2025-11-11,Bed,Furniture,7551.2072203058315,3,22653.621660917495,False
202,C039,2025-10-17,Necklace,Accessories,1993.252229248349,1,1993.252229248349,False
203,C061,2025-07-11,Vacuum,Electronics,4248.607443600736,3,12745.822330802206,False
204,C057,2025-09-01,Necklace,Accessories,4644.4618409131535,5,23222.30920456577,False
205,C040,2025-05-04,Ring,Accessories,1440.9146583488268,5,-7204.573291744135,False
206,C039,2025-06-15,Notebook,Office,350.72107570465687,2,701.4421514093137,False
207,C012,2026-01-06,Bed,Furniture,5616.2300080837795,4,22464.920032335118,False
208,C094,2025-12-05,Sofa,Furniture,2110.953161091186,3,6332.859483273558,False
209,C056,2025-09-30,Sofa,Furniture,260.221945253894,4,1040.887781015576,False
210,C055,2025-12-12,Necklace,Accessories,,2,,False
211,C043,2025-08-10,Necklace,Accessories,9501.356970574683,1,9501.356970574683,False
212,C057,2025-09-15,Ring,Accessories,5020.673977551686,2,10041.347955103372,False
213,C100,2025-07-28,Computer,Electronics,1993.5928227772288,3,5980.778468331686,False
214,C080,2025-12-13,Computer,Electronics,7181.526198475409,5,35907.630992377046,False
215,C008,2025-10-26,Mouse,Electronics,1195.2184568315045,4,4780.873827326018,False
216,C034,2025-09-08,Bed,Furniture,6744.360874433453,4,26977.443497733813,False
217,C049,2025-08-27,KeyBoard,Electronics,2043.785078933253,4,-8175.140315733012,False
218,C091,2026-02-21,Notebook,Office,796.5511828295633,1,796.5511828295633,False
219,C048,2025-08-20,Notebook,Office,4531.454147838474,0,0.0,True
220,C079,2025-04-06,Computer,Electronics,8103.159502308651,4,32412.638009234604,False
221,C002,2025-03-26,Mouse,Electronics,8248.708221417644,3,24746.124664252933,False
222,C045,2025-12-06,Bed,Furniture,3539.771602304763,0,0.0,True
223,C049,2025-11-04,Notebook,Office,,2,,False
224,C036,2025-03-13,Mouse,Electronics,3620.3104079461405,2,7240.620815892281,False
225,C049,2025-10-24,Computer,Electronics,2731.6966731220077,5,13658.483365610038,False
226,C014,2025-11-07,Ring,Accessories,528.9679960572462,2,1057.9359921144924,False
227,C051,2025-06-19,Computer,Electronics,4327.19732734336,2,8654.39465468672,False
228,C015,2025-07-30,Notebook,Office,1722.8993434632657,3,5168.698030389797,False
229,C016,2025-04-10,Mouse,Electronics,5577.169251446732,2,11154.338502893464,False
230,C024,2025-08-02,Mouse,Electronics,5849.4124804180865,3,17548.23744125426,False
231,C008,2025-10-20,Vacuum,Electronics,4188.775454419072,4,16755.10181767629,False
232,C098,2026-01-29,Sofa,Furniture,4538.483115654862,5,22692.415578274307,False
233,C043,2025-06-02,Computer,Electronics,7689.00419466533,5,38445.02097332665,False
234,C078,2025-07-01,Vacuum,Electronics,4593.2701813345675,3,13779.810544003703,False
235,C099,2025-09-15,Mouse,Electronics,9833.09348462937,2,19666.18696925874,False
236,C098,2026-01-20,Ring,Accessories,7898.8662637814505,0,0.0,True
237,C028,2025-11-28,Necklace,Accessories,42.85987367288039,4,171.43949469152156,False
238,C081,2025-08-29,Necklace,Accessories,5081.714403842323,1,5081.714403842323,False
239,C100,2025-06-23,Necklace,Accessories,7165.793861573257,5,35828.96930786629,False
240,C070,2025-05-10,Computer,Electronics,8143.674372669652,4,32574.69749067861,False
241,C070,2025-07-05,Vacuum,Electronics,5850.136929072849,4,23400.547716291396,False
242,C071,2025-12-16,KeyBoard,Electronics,9252.585178254412,2,18505.170356508825,False
243,C054,2025-03-19,Ring,Accessories,1573.6324757836612,0,-0.0,True
244,C096,2025-12-21,Vacuum,Electronics,9176.321233577346,2,18352.642467154692,False
245,C031,2025-03-09,Computer,Electronics,906.5546660617733,5,4532.773330308866,False
246,C041,2025-10-14,Notebook,Office,1426.8327496926313,4,5707.330998770525,False
247,C062,2026-02-18,Notebook,Office,4811.954229382536,4,19247.816917530145,False
248,C067,2025-06-27,Mouse,Electronics,7230.029318414884,2,14460.058636829768,False
249,C055,2025-05-30,Vacuum,Electronics,5005.845804705473,2,10011.691609410946,False
250,C006,2025-08-21,KeyBoard,Electronics,7971.86026138535,2,15943.7205227707,False
251,C011,2025-07-10,Ring,Accessories,2049.36457908826,5,10246.8228954413,False
252,C008,2026-01-26,Mouse,Electronics,4409.004472916912,2,8818.008945833824,False
253,C019,2025-05-06,Ring,Accessories,7353.248106365238,1,7353.248106365238,False
254,C025,2025-05-29,Notebook,Office,8443.727284265944,4,33774.909137063776,False
255,C051,2026-02-08,Bed,Furniture,1519.3244249331883,1,1519.3244249331883,False
256,C002,2025-04-11,Notebook,Office,4285.2714808191,4,17141.0859232764,False
257,C089,2025-03-05,Notebook,Office,,3,,False
258,C060,2026-01-02,Ring,Accessories,6712.224759190655,2,13424.44951838131,False
259,C010,2026-02-07,Bed,Furniture,8072.546053818171,0,0.0,True
260,C016,2026-02-11,Sofa,Furniture,6727.5415992387625,2,13455.083198477525,False
261,C064,2025-12-19,Notebook,Office,3008.834933701848,1,3008.834933701848,False
262,C044,2025-12-15,Bed,Furniture,,0,,True
263,C064,2025-08-20,Notebook,Office,1146.8623956391295,2,2293.724791278259,False
264,C079,2025-05-02,Vacuum,Electronics,,1,,False
265,C014,2025-08-22,Computer,Electronics,7258.065770908264,2,14516.131541816529,False
266,C073,2026-01-24,Bed,Furniture,7932.782644566006,3,23798.347933698016,False
267,C094,2025-06-12,Mouse,Electronics,3963.146620078896,2,7926.293240157792,False
268,C009,2025-10-23,Necklace,Accessories,4148.380390769278,1,4148.380390769278,False
269,C072,2026-01-29,Ring,Accessories,7301.291823462849,1,7301.291823462849,False
270,C056,2025-09-18,Bed,Furniture,3479.3470689189635,5,17396.735344594817,False
271,C014,2025-04-09,Notebook,Office,9273.768778027643,2,18547.537556055286,False
272,C086,2026-02-13,Notebook,Office,7065.4297259751265,2,14130.859451950253,False
273,C066,2025-03-04,KeyBoard,Electronics,9139.61710076675,1,9139.61710076675,False
274,C073,2025-08-13,Mouse,Electronics,8708.394775550965,3,26125.184326652896,False
275,C046,2026-01-19,Mouse,Electronics,672.9530078613375,5,3364.7650393066874,False
276,C100,2026-01-23,Notebook,Office,1417.1610171852496,0,0.0,True
277,C038,2025-12-17,Vacuum,Electronics,219.64961839508825,3,658.9488551852647,False
278,C028,2025-10-15,KeyBoard,Electronics,3353.1288095854193,3,10059.386428756257,False
279,C049,2025-06-29,Notebook,Office,2875.309445200525,2,5750.61889040105,False
280,C090,2025-08-31,Vacuum,Electronics,8303.645992731195,3,24910.937978193586,False
281,C006,2025-05-14,Notebook,Office,2199.9551080131578,0,0.0,True
282,C033,2026-01-28,Vacuum,Electronics,6300.971133300207,5,31504.855666501033,False
283,C003,2025-05-13,Necklace,Accessories,5078.057003384242,4,20312.22801353697,False
284,C061,2025-04-02,Bed,Furniture,1138.9137051610069,3,3416.7411154830206,False
285,C040,2025-07-17,Bed,Furniture,726.6178157088706,2,1453.2356314177412,False
286,C053,2026-01-18,Ring,Accessories,,4,,False
287,C025,2025-12-27,Ring,Accessories,3238.457656661556,2,6476.915313323112,False
288,C030,2026-01-01,Notebook,Office,2547.6752069285976,3,7643.025620785793,False
289,C084,2026-02-23,Bed,Furniture,2778.3249978853346,5,13891.624989426673,False
290,C002,2025-03-09,Ring,Accessories,766.1484127773645,3,2298.445238332093,False
291,C024,2025-08-18,Vacuum,Electronics,4689.907938859997,1,4689.907938859997,False
292,C072,2025-11-14,KeyBoard,Electronics,7040.400271065547,4,28161.601084262187,False
293,C028,2026-02-03,Bed,Furniture,8040.950780017398,3,24122.852340052195,False
294,C052,2025-04-07,Mouse,Electronics,6847.288931438775,5,34236.444657193875,False
295,C098,2025-11-15,KeyBoard,Electronics,6607.911654986518,2,13215.823309973037,False
296,C027,2025-11-02,Vacuum,Electronics,6176.383467698424,1,6176.383467698424,False
297,C073,2025-06-18,Bed,Furniture,4804.649648709636,2,9609.299297419271,False
298,C082,2025-04-15,Sofa,Furniture,5620.464490044812,5,28102.32245022406,False
299,C025,2025-12-01,KeyBoard,Electronics,1952.1121395981013,4,7808.448558392405,False
300,C015,2025-07-15,Computer,Electronics,2884.8620992054284,1,2884.8620992054284,False
301,C021,2025-08-24,Ring,Accessories,1784.0514184659824,5,8920.257092329912,False
302,C070,2025-10-12,Mouse,Electronics,9941.036513487095,2,19882.07302697419,False
303,C046,2025-09-24,KeyBoard,Electronics,9221.784834487062,3,27665.354503461185,False
304,C100,2025-08-14,Ring,Accessories,6253.670244826588,2,12507.340489653176,False
305,C016,2025-03-06,Ring,Accessories,7841.77533117763,0,0.0,True
306,C012,2025-10-02,Necklace,Accessories,34.45645059390919,0,0.0,True
307,C058,2026-01-26,Bed,Furniture,5233.459781422572,0,0.0,True
308,C050,2025-06-22,Notebook,Office,4759.793226014198,3,14279.379678042595,False
309,C046,2025-08-05,Computer,Electronics,1378.2969532397046,4,5513.1878129588185,False
310,C011,2025-04-03,Mouse,Electronics,7974.485932887461,3,23923.457798662384,False
311,C046,2025-08-05,Necklace,Accessories,8844.840089602849,5,44224.20044801424,False
312,C075,2026-02-09,Notebook,Office,9000.545399349267,2,18001.090798698533,False
313,C039,2025-06-04,Vacuum,Electronics,1356.5596827351756,5,6782.798413675878,False
314,C091,2025-11-18,KeyBoard,Electronics,317.0865466240507,2,634.1730932481014,False
315,C038,2025-11-30,Computer,Electronics,5044.587568949254,3,15133.762706847763,False
316,C017,2026-01-21,Necklace,Accessories,2707.5753205231335,3,8122.7259615694,False
317,C085,2025-12-22,Computer,Electronics,6216.978826882421,5,31084.894134412105,False
318,C031,2025-06-11,Computer,Electronics,931.1800265515143,3,2793.5400796545428,False
319,C077,2025-10-31,Computer,Electronics,782.2972923568406,4,3129.1891694273622,False
320,C048,2025-11-01,Sofa,Furniture,4615.895684936897,3,13847.68705481069,False
321,C091,2026-01-19,Notebook,Office,4531.773816922179,1,4531.773816922179,False
322,C059,2026-02-09,Vacuum,Electronics,2222.1341856660765,2,4444.268371332153,False
323,C066,2025-08-05,Mouse,Electronics,7460.526942549367,1,7460.526942549367,False
324,C053,2026-02-10,Vacuum,Electronics,7822.721879817528,1,7822.721879817528,False
325,C057,2025-04-19,Sofa,Furniture,5052.162941792588,5,25260.81470896294,False
326,C031,2025-03-24,Vacuum,Electronics,4096.376838098871,3,12289.130514296614,False
327,C010,2025-11-02,Necklace,Accessories,3332.1304668186535,1,3332.1304668186535,False
328,C052,2025-03-22,Sofa,Furniture,192.26957038233738,3,576.8087111470121,False
329,C020,2025-12-05,Necklace,Accessories,6325.045459184095,3,18975.136377552284,False
330,C029,2025-03-02,Vacuum,Electronics,9572.128738802323,3,28716.38621640697,False
331,C033,2025-10-23,KeyBoard,Electronics,1125.4176775275025,1,1125.4176775275025,False
332,C069,2025-03-06,Notebook,Office,8637.83699262064,2,17275.67398524128,False
333,C007,2025-07-13,Sofa,Furniture,7663.857584266089,3,22991.572752798267,False
334,C007,2025-11-29,KeyBoard,Electronics,1725.1965277505026,2,3450.393055501005,False
335,C083,2025-07-24,KeyBoard,Electronics,9181.460586336356,4,36725.84234534542,False
336,C030,2025-03-12,Mouse,Electronics,6574.268253537663,5,32871.341267688316,False
337,C095,2025-07-15,Vacuum,Electronics,,0,,True
338,C088,2025-07-23,Notebook,Office,1259.2762346300558,2,2518.5524692601116,False
339,C006,2025-05-26,Notebook,Office,8507.349248152108,0,0.0,True
340,C002,2025-05-24,Computer,Electronics,6876.0583523356345,1,6876.0583523356345,False
341,C042,2025-11-04,Mouse,Electronics,6332.254115777597,4,25329.016463110387,False
342,C094,2025-12-23,Ring,Accessories,2757.4861900839946,3,8272.458570251983,False
343,C013,2025-09-23,Bed,Furniture,6447.2146176495135,4,25788.858470598054,False
344,C033,2025-10-21,Sofa,Furniture,5823.423991710585,3,17470.271975131756,False
345,C042,2025-10-25,Mouse,Electronics,8506.020629611814,5,42530.10314805907,False
346,C004,2025-06-17,Ring,Accessories,5674.567593445926,3,17023.70278033778,False
347,C042,2025-06-23,Ring,Accessories,,0,,True
348,C003,2025-06-06,Notebook,Office,4608.349341018064,0,-0.0,True
349,C031,2025-04-18,KeyBoard,Electronics,941.8480484247135,3,2825.5441452741406,False
350,C024,2025-03-29,Mouse,Electronics,4340.255707721258,4,17361.02283088503,False
351,C051,2026-02-16,Bed,Furniture,9965.934087389307,3,29897.80226216792,False
352,C095,2026-02-04,Notebook,Office,5232.997657649297,4,20931.99063059719,False
353,C030,2025-07-01,KeyBoard,Electronics,7052.300827482828,4,28209.203309931312,False
354,C052,2026-01-27,Ring,Accessories,7125.601467312908,1,7125.601467312908,False
355,C055,2025-03-24,Necklace,Accessories,5066.15450735786,5,25330.7725367893,False
356,C023,2025-12-13,Notebook,Office,9182.634092751849,2,18365.268185503697,False
357,C062,2025-09-02,Ring,Accessories,2186.548435373117,5,-10932.742176865586,False
358,C090,2026-01-08,Bed,Furniture,4322.568014174121,3,12967.704042522364,False
359,C023,2025-08-29,KeyBoard,Electronics,8231.981550346838,2,16463.963100693676,False
360,C040,2025-11-24,Bed,Furniture,21.804176092355178,3,65.41252827706553,False
361,C088,2025-12-08,Bed,Furniture,7015.832092675417,4,28063.328370701667,False
362,C077,2026-02-23,Mouse,Electronics,3095.365831594799,5,15476.829157973996,False
363,C063,2025-11-07,Necklace,Accessories,4275.3991430853985,4,17101.596572341594,False
364,C066,2025-12-16,Computer,Electronics,4165.151978299375,0,0.0,True
365,C025,2025-12-05,Vacuum,Electronics,890.1400761980805,2,1780.280152396161,False
366,C098,2025-05-10,Vacuum,Electronics,6410.039743695489,1,6410.039743695489,False
367,C089,2025-09-28,Mouse,Electronics,2798.5741702518258,5,13992.87085125913,False
368,C014,2025-07-22,Bed,Furniture,4716.949785597921,2,9433.899571195841,False
369,C062,2025-05-29,Computer,Electronics,4584.472995153423,4,18337.89198061369,False
370,C089,2025-05-19,Ring,Accessories,4701.767466967096,5,23508.83733483548,False
371,C075,2025-09-10,Computer,Electronics,3742.574080065816,3,-11227.722240197447,False
372,C099,2025-05-23,KeyBoard,Electronics,4980.657563508678,3,14941.972690526036,False
373,C003,2025-05-02,Notebook,Office,4819.128651627052,4,19276.514606508208,False
374,C078,2025-11-01,Necklace,Accessories,1160.365843944437,3,3481.097531833311,False
375,C013,2025-09-10,Necklace,Accessories,6534.936259157915,4,26139.74503663166,False
376,C086,2026-02-10,Ring,Accessories,2744.9881969745707,2,5489.976393949141,False
377,C011,2025-09-20,Vacuum,Electronics,5356.977024958492,0,0.0,True
378,C096,2025-12-23,Sofa,Furniture,6510.735580310427,1,-6510.735580310427,False
379,C024,2025-05-15,Necklace,Accessories,6141.485432118103,5,30707.427160590516,False
380,C086,2025-06-09,KeyBoard,Electronics,6172.726491163229,1,6172.726491163229,False
381,C027,2025-09-19,Notebook,Office,9976.22431421159,0,0.0,True
382,C013,2025-03-31,Vacuum,Electronics,9363.184691692204,5,46815.923458461024,False
383,C031,2025-10-14,Sofa,Furniture,8187.463516776681,1,8187.463516776681,False
384,C059,2025-05-06,Mouse,Electronics,7005.997711224059,2,14011.995422448117,False
385,C054,2025-12-16,Notebook,Office,116.80293637002254,3,350.40880911006764,False
386,C080,2025-08-29,Bed,Furniture,9312.873677350675,4,-37251.4947094027,False
387,C001,2025-11-16,Sofa,Furniture,6654.491964017587,5,33272.45982008793,False
388,C037,2025-12-15,Bed,Furniture,2476.619159886606,4,9906.476639546425,False
389,C042,2026-02-01,Bed,Furniture,6555.8738880853725,2,13111.747776170745,False
390,C004,2026-01-28,Vacuum,Electronics,9746.340657997547,5,48731.70328998774,False
391,C016,2025-11-11,Computer,Electronics,,0,,True
392,C076,2025-07-23,KeyBoard,Electronics,646.2307639156671,3,1938.6922917470015,False
393,C025,2026-01-04,Ring,Accessories,9000.889600122982,3,27002.66880036895,False
394,C037,2025-03-05,KeyBoard,Electronics,4505.711607206086,3,13517.13482161826,False
395,C060,2025-12-25,Mouse,Electronics,2265.2671917223424,1,2265.2671917223424,False
396,C017,2025-06-11,Computer,Electronics,5454.358552802993,4,21817.43421121197,False
397,C076,2025-05-15,Computer,Electronics,6005.482667859307,5,30027.413339296538,False
398,C041,2025-03-29,Notebook,Office,8842.878845674077,5,44214.39422837038,False
399,C086,2025-12-08,KeyBoard,Electronics,,0,,True
400,C077,2025-12-25,Sofa,Furniture,5968.677612722716,3,17906.032838168147,False
401,C087,2025-04-06,Vacuum,Electronics,5427.510795468613,5,27137.553977343065,False
402,C010,2025-09-19,KeyBoard,Electronics,585.910574623942,3,1757.731723871826,False
403,C005,2025-07-28,KeyBoard,Electronics,5902.166322686807,5,29510.831613434035,False
404,C038,2025-12-31,Notebook,Office,950.1381178056284,5,4750.690589028142,False
405,C089,2025-10-13,Computer,Electronics,2876.5581090843334,0,0.0,True
406,C095,2025-07-04,Bed,Furniture,8859.659662510463,3,26578.978987531387,False
407,C004,2025-04-02,Mouse,Electronics,9701.355216222522,4,38805.42086489009,False
408,C048,2025-09-27,Computer,Electronics,8957.745973703642,2,17915.491947407285,False
409,C031,2025-12-04,Computer,Electronics,761.9179716704832,5,3809.589858352416,False
410,C059,2026-01-23,Computer,Electronics,2955.8657453382093,5,14779.328726691047,False
411,C010,2025-07-09,Ring,Accessories,9801.904896311393,0,0.0,True
412,C013,2025-08-26,Ring,Accessories,,1,,False
413,C047,2025-08-11,Sofa,Furniture,4280.285873005215,4,17121.14349202086,False
414,C001,2026-02-17,Ring,Accessories,9875.006568691151,4,39500.026274764605,False
415,C048,2025-08-06,Mouse,Electronics,1189.8320734525043,0,0.0,True
416,C059,2025-04-18,Mouse,Electronics,,1,,False
417,C081,2025-09-16,Necklace,Accessories,4969.936901832846,4,19879.747607331385,False
418,C014,2025-07-07,Mouse,Electronics,1726.7775185068876,2,3453.5550370137753,False
419,C077,2025-03-27,Notebook,Office,8234.703341261262,5,-41173.51670630631,False
420,C036,2025-12-14,Necklace,Accessories,8517.680571861907,2,17035.361143723814,False
421,C014,2025-04-21,Necklace,Accessories,8393.519968324445,5,41967.59984162222,False
422,C019,2025-11-26,KeyBoard,Electronics,2066.727809933102,5,10333.63904966551,False
423,C010,2025-07-08,KeyBoard,Electronics,6129.947619390462,1,6129.947619390462,False
424,C028,2025-06-08,Bed,Furniture,9555.12822586375,2,19110.2564517275,False
425,C023,2026-01-07,KeyBoard,Electronics,6875.901856587497,1,6875.901856587497,False
426,C044,2025-06-18,Vacuum,Electronics,70.53016499452579,2,141.06032998905158,False
427,C055,2025-06-23,Notebook,Office,8515.657910267322,0,0.0,True
428,C028,2025-05-13,Ring,Accessories,4766.666493236586,1,4766.666493236586,False
429,C081,2025-09-27,Notebook,Office,8055.309219899488,2,16110.618439798976,False
430,C035,2025-11-10,Necklace,Accessories,,1,,False
431,C043,2025-11-05,Computer,Electronics,6178.4098784567195,2,12356.819756913439,False
432,C006,2025-06-18,Notebook,Office,4783.771944383506,3,14351.315833150518,False
433,C061,2026-01-13,Bed,Furniture,3919.7936457709498,2,7839.5872915418995,False
434,C030,2025-11-12,Ring,Accessories,7835.149228534842,0,0.0,True
435,C051,2025-05-18,Vacuum,Electronics,6931.894409878322,5,34659.47204939161,False
436,C038,2025-07-19,Bed,Furniture,8260.014304467722,2,16520.028608935445,False
437,C098,2025-10-03,Ring,Accessories,9776.19780599355,2,19552.3956119871,False
438,C008,2025-08-17,Ring,Accessories,5549.205401708189,4,22196.821606832757,False
439,C090,2025-04-08,Vacuum,Electronics,4892.516143999698,5,24462.580719998492,False
440,C087,2026-02-08,Ring,Accessories,1240.2930397788384,5,6201.465198894192,False
441,C037,2025-09-27,Notebook,Office,8071.805808517075,1,8071.805808517075,False
442,C076,2025-06-08,Ring,Accessories,2790.167953676656,3,-8370.503861029967,False
443,C017,2025-05-05,Sofa,Furniture,3928.0714355315813,1,3928.0714355315813,False
444,C014,2025-08-09,Notebook,Office,460.7756602454671,4,-1843.1026409818685,False
445,C065,2026-01-17,Necklace,Accessories,5726.859736667313,4,22907.438946669252,False
446,C003,2026-02-23,KeyBoard,Electronics,7284.942602347605,5,36424.71301173803,False
447,C091,2025-05-28,Notebook,Office,6475.556785226267,5,32377.783926131335,False
448,C067,2025-05-09,KeyBoard,Electronics,,0,,True
449,C050,2025-03-12,Necklace,Accessories,4057.5688393685705,2,8115.137678737141,False
450,C075,2025-03-03,Ring,Accessories,4913.037730723347,3,14739.11319217004,False
451,C048,2025-08-04,Necklace,Accessories,8382.454136814438,0,0.0,True
452,C033,2025-04-13,Bed,Furniture,1939.7881251103233,3,5819.36437533097,False
453,C081,2025-12-16,Mouse,Electronics,5646.266128478973,0,0.0,True
454,C008,2025-06-19,KeyBoard,Electronics,1391.9089629895986,1,1391.9089629895986,False
455,C067,2025-09-19,KeyBoard,Electronics,2873.0832606491467,1,2873.0832606491467,False
456,C031,2025-11-01,Necklace,Accessories,1053.7069350472507,1,1053.7069350472507,False
457,C014,2025-05-02,KeyBoard,Electronics,3500.14721305657,5,17500.73606528285,False
458,C007,2025-07-06,KeyBoard,Electronics,4187.101553931082,3,12561.304661793245,False
459,C098,2026-02-09,Vacuum,Electronics,6474.402590582913,1,6474.402590582913,False
460,C024,2025-12-23,Ring,Accessories,3947.3933550855377,2,7894.786710171075,False
461,C062,2026-01-18,Computer,Electronics,9994.143505148173,1,9994.143505148173,False
462,C065,2025-03-07,Computer,Electronics,4483.213524099815,4,17932.85409639926,False
463,C044,2025-11-11,Sofa,Furniture,7821.372987883594,3,23464.11896365078,False
464,C048,2025-10-10,KeyBoard,Electronics,651.6421808361245,3,1954.9265425083734,False
465,C002,2025-05-18,Notebook,Office,4857.54900537648,2,9715.09801075296,False
466,C026,2025-05-11,Notebook,Office,1105.549171690842,5,5527.74585845421,False
467,C010,2025-11-27,Ring,Accessories,64.78947185477571,5,323.94735927387853,False
468,C074,2025-09-14,KeyBoard,Electronics,7496.985437095016,3,22490.95631128505,False
469,C097,2025-05-20,Notebook,Office,5841.9623516061665,3,17525.8870548185,False
470,C069,2026-01-04,Bed,Furniture,6160.110434422861,5,30800.5521721143,False
471,C094,2026-02-03,Sofa,Furniture,2067.727498845249,0,0.0,True
472,C020,2025-12-15,Vacuum,Electronics,2926.9168113794863,2,5853.8336227589725,False
473,C076,2025-04-17,Ring,Accessories,6775.457877056654,5,33877.28938528327,False
474,C075,2025-09-05,Vacuum,Electronics,2638.1889411197753,2,5276.377882239551,False
475,C093,2026-01-27,Vacuum,Electronics,217.75218574263755,3,653.2565572279127,False
476,C019,2025-11-17,KeyBoard,Electronics,,3,,False
477,C092,2025-07-15,KeyBoard,Electronics,2941.819504339338,3,8825.458513018013,False
478,C054,2025-11-24,Sofa,Furniture,1438.1218330105753,4,5752.487332042301,False
479,C010,2026-01-20,Computer,Electronics,4660.487521622444,0,0.0,True
480,C026,2025-04-03,Ring,Accessories,3502.6199111270125,0,0.0,True
481,C043,2025-07-29,KeyBoard,Electronics,6905.66896551836,1,6905.66896551836,False
482,C074,2025-03-07,Bed,Furniture,3834.700339715669,1,3834.700339715669,False
483,C088,2025-04-10,Computer,Electronics,3226.2202983149973,3,9678.660894944991,False
484,C007,2025-03-10,Computer,Electronics,9464.151025212905,3,-28392.453075638714,False
485,C076,2025-06-21,Necklace,Accessories,5873.0003537871335,1,5873.0003537871335,False
486,C074,2025-06-15,Vacuum,Electronics,8772.859809898342,0,0.0,True
487,C056,2025-11-21,KeyBoard,Electronics,1998.207568984659,3,5994.622706953977,False
488,C023,2025-06-01,Computer,Electronics,6132.875523147944,0,0.0,True
489,C004,2025-12-07,Computer,Electronics,2634.8966705257094,3,7904.690011577128,False
490,C067,2025-06-10,Ring,Accessories,2845.2113512533874,1,2845.2113512533874,False
491,C089,2025-08-19,Sofa,Furniture,5014.865453260977,2,10029.730906521954,False
492,C093,2025-08-24,Mouse,Electronics,1688.4603897349764,2,3376.920779469953,False
493,C030,2025-12-04,KeyBoard,Electronics,9713.692085289029,4,38854.768341156116,False
494,C017,2025-08-01,Computer,Electronics,5333.784622195827,1,5333.784622195827,False
495,C098,2026-02-04,Bed,Furniture,1601.1634366574085,0,0.0,True
496,C014,2026-02-13,Necklace,Accessories,1206.7116842711703,3,3620.135052813511,False
497,C062,2025-10-16,Bed,Furniture,4187.616674004999,3,12562.850022014998,False
498,C069,2025-06-11,Notebook,Office,3122.4075260791797,5,15612.037630395898,False
499,C010,2025-04-22,Bed,Furniture,5960.462600632771,2,11920.925201265542,False
500,C021,2026-01-22,Necklace,Accessories,106.59775617524791,4,426.39102470099164,False
501,C009,2025-06-26,Computer,Electronics,8562.90132528898,4,34251.60530115592,False
502,C078,2025-04-28,Notebook,Office,2002.7946708111353,1,2002.7946708111353,False
503,C032,2025-10-30,Vacuum,Electronics,5166.275890018337,5,25831.379450091685,False
504,C086,2026-01-05,Computer,Electronics,1953.2550454424131,5,9766.275227212065,False
505,C082,2025-08-17,Vacuum,Electronics,6719.017918593969,5,33595.089592969845,False
506,C081,2025-07-21,Necklace,Accessories,6153.1471675647645,0,0.0,True
507,C052,2025-08-08,Computer,Electronics,,3,,False
508,C020,2025-03-31,Computer,Electronics,4720.763760917218,5,23603.818804586088,False
509,C060,2025-03-11,Vacuum,Electronics,8129.580842843616,0,0.0,True
510,C055,2025-12-01,Mouse,Electronics,7841.8950137297925,5,39209.475068648964,False
511,C051,2026-01-04,Bed,Furniture,2296.7065016117267,1,2296.7065016117267,False
512,C010,2025-08-01,Necklace,Accessories,6688.400292551646,4,-26753.601170206584,False
513,C090,2025-08-04,Sofa,Furniture,6036.946089272841,2,12073.892178545682,False
514,C090,2025-03-28,Vacuum,Electronics,1257.694857408987,1,1257.694857408987,False
515,C010,2025-10-10,Bed,Furniture,2574.6345217240078,3,7723.903565172023,False
516,C041,2025-06-06,Vacuum,Electronics,4054.4831706862506,4,16217.932682745002,False
517,C072,2025-10-02,Bed,Furniture,901.7887625298613,2,1803.5775250597226,False
518,C092,2025-12-11,Vacuum,Electronics,702.4997270106093,2,1404.9994540212185,False
519,C087,2025-12-22,Computer,Electronics,8177.864954506066,0,0.0,True
520,C066,2025-07-25,Bed,Furniture,4654.6508205302025,2,9309.301641060405,False
521,C100,2025-03-31,Vacuum,Electronics,9567.096160366971,1,9567.096160366971,False
522,C051,2025-03-25,Computer,Electronics,4521.596236475177,2,9043.192472950353,False
523,C031,2025-06-27,Mouse,Electronics,4120.3985041908345,3,-12361.195512572504,False
524,C069,2025-07-22,Computer,Electronics,4817.858113736918,5,24089.29056868459,False
525,C060,2025-08-27,Bed,Furniture,3372.2340483427615,5,16861.170241713808,False
526,C084,2026-01-17,Notebook,Office,2979.8458750304985,2,5959.691750060997,False
527,C060,2025-05-05,Computer,Electronics,8575.253009851713,4,34301.01203940685,False
528,C044,2026-01-01,Ring,Accessories,9587.078747805399,2,19174.157495610798,False
529,C071,2025-05-26,Vacuum,Electronics,7516.258707133254,0,0.0,True
530,C097,2025-03-12,Bed,Furniture,1617.00377624788,0,0.0,True
531,C087,2025-06-22,Mouse,Electronics,9838.31321708756,3,29514.939651262677,False
532,C004,2025-06-13,Computer,Electronics,,1,,False
533,C002,2025-07-28,Bed,Furniture,1000.4337243429684,1,1000.4337243429684,False
534,C080,2025-04-24,Bed,Furniture,3961.6587049128107,5,19808.293524564055,False
535,C074,2025-05-07,Necklace,Accessories,4304.378090329972,0,-0.0,True
536,C098,2025-09-11,Mouse,Electronics,2808.919264160012,2,5617.838528320024,False
537,C042,2025-12-15,Computer,Electronics,9254.042465698141,3,27762.127397094424,False
538,C065,2025-10-23,Necklace,Accessories,4008.9034870742835,3,12026.71046122285,False
539,C062,2026-01-22,Mouse,Electronics,1150.0468147287854,4,4600.187258915142,False
540,C091,2026-01-07,Bed,Furniture,9969.96545116003,0,0.0,True
541,C044,2025-03-21,Sofa,Furniture,3854.22986196186,1,3854.22986196186,False
542,C062,2025-04-28,Notebook,Office,,4,,False
543,C044,2025-05-11,Vacuum,Electronics,1233.3122506930285,0,0.0,True
544,C017,2026-02-02,Necklace,Accessories,1651.252374753999,3,4953.757124261997,False
545,C050,2025-04-27,Vacuum,Electronics,5377.051735686618,1,5377.051735686618,False
546,C029,2025-11-12,Notebook,Office,8227.281777179087,1,8227.281777179087,False
547,C062,2025-03-07,Computer,Electronics,5852.503884570745,2,11705.00776914149,False
548,C073,2025-12-31,Ring,Accessories,9100.21800394682,2,18200.43600789364,False
549,C047,2025-06-05,Bed,Furniture,8510.623835815335,1,8510.623835815335,False
550,C055,2025-09-06,Ring,Accessories,5326.9426056998,3,15980.8278170994,False
551,C048,2025-04-22,Notebook,Office,8945.985646100147,2,17891.971292200295,False
552,C018,2025-05-25,Computer,Electronics,4328.310188664512,2,8656.620377329024,False
553,C064,2025-08-23,Ring,Accessories,7277.857115041538,3,21833.571345124616,False
554,C060,2025-03-10,KeyBoard,Electronics,51.82310196779457,4,207.29240787117828,False
555,C084,2025-05-13,Sofa,Furniture,8184.522795833599,0,0.0,True
556,C054,2025-08-07,Ring,Accessories,3839.843247683407,2,7679.686495366814,False
557,C003,2025-04-01,Mouse,Electronics,147.7950321169928,2,295.5900642339856,False
558,C092,2025-06-28,Sofa,Furniture,6227.763623191314,3,18683.290869573942,False
559,C071,2025-08-27,Ring,Accessories,6837.555264890807,2,13675.110529781614,False
560,C056,2025-03-13,Mouse,Electronics,4706.640746527855,1,4706.640746527855,False
561,C053,2025-11-12,Computer,Electronics,9441.358690316114,1,9441.358690316114,False
562,C090,2025-09-30,Mouse,Electronics,2281.744476806613,1,2281.744476806613,False
563,C024,2025-08-01,Computer,Electronics,8737.561571704086,3,26212.684715112257,False
564,C004,2025-07-11,Computer,Electronics,2156.3553601291655,5,10781.776800645828,False
565,C055,2026-01-01,Ring,Accessories,5774.384167130674,4,23097.536668522695,False
566,C087,2025-11-06,Mouse,Electronics,7098.635984579792,2,14197.271969159585,False
567,C056,2026-02-08,Computer,Electronics,9416.810183672313,2,18833.620367344625,False
568,C070,2025-05-31,Sofa,Furniture,673.1059250332412,4,2692.4237001329648,False
569,C084,2025-04-04,Sofa,Furniture,6498.152930364372,1,6498.152930364372,False
570,C040,2025-10-29,Notebook,Office,4653.933813144613,5,23269.669065723065,False
571,C002,2025-05-02,Vacuum,Electronics,1512.9762367124015,1,1512.9762367124015,False
572,C061,2025-11-08,Computer,Electronics,1071.6087093067392,3,3214.826127920218,False
573,C010,2025-05-04,Sofa,Furniture,6945.611625798306,0,0.0,True
574,C094,2026-01-11,Sofa,Furniture,6397.942110832175,5,31989.710554160876,False
575,C088,2025-10-23,Ring,Accessories,1420.6763378549472,1,1420.6763378549472,False
576,C021,2025-09-28,KeyBoard,Electronics,9612.673797788899,3,28838.021393366696,False
577,C084,2025-04-11,Necklace,Accessories,8883.542589632782,5,44417.712948163906,False
578,C061,2026-01-20,Sofa,Furniture,6410.2476463637695,2,12820.495292727539,False
579,C088,2025-08-16,Ring,Accessories,1873.9652683914458,2,3747.9305367828915,False
580,C037,2025-04-15,Computer,Electronics,1942.9475548592313,2,3885.8951097184627,False
581,C046,2025-05-29,Computer,Electronics,4199.376428194668,2,8398.752856389336,False
582,C019,2025-11-27,Sofa,Furniture,9776.27600471937,0,0.0,True
583,C069,2025-03-15,Vacuum,Electronics,6925.835725635828,1,6925.835725635828,False
584,C028,2025-04-28,Vacuum,Electronics,2836.2580475897817,4,11345.032190359127,False
585,C058,2025-11-22,Vacuum,Electronics,5995.543242353355,4,23982.17296941342,False
586,C001,2025-11-07,Necklace,Accessories,9633.368890789276,5,48166.84445394638,False
587,C019,2025-09-18,Ring,Accessories,4023.2929778642965,2,8046.585955728593,False
588,C078,2025-05-05,Ring,Accessories,7948.108440652674,0,0.0,True
589,C052,2025-10-04,Computer,Electronics,6749.588234655007,5,33747.94117327504,False
590,C093,2025-06-15,Ring,Accessories,9524.196639684607,4,38096.78655873843,False
591,C071,2025-05-27,Bed,Furniture,5406.318645765081,1,5406.318645765081,False
592,C042,2025-05-24,Sofa,Furniture,7323.704456172841,0,0.0,True
593,C060,2025-04-30,Computer,Electronics,7406.555114910014,2,14813.110229820028,False
594,C068,2025-07-13,Bed,Furniture,6711.979305548863,2,13423.958611097725,False
595,C049,2025-05-26,Ring,Accessories,2048.748232729134,3,6146.244698187402,False
596,C074,2026-01-23,Vacuum,Electronics,8161.611027746031,3,24484.833083238093,False
597,C039,2025-10-02,Necklace,Accessories,8759.210327154864,4,35036.841308619456,False
598,C038,2026-01-12,Sofa,Furniture,7707.990210359511,4,30831.960841438045,False
599,C062,2025-08-09,Notebook,Office,7466.890802983366,4,29867.563211933462,False
600,C095,2025-07-05,KeyBoard,Electronics,2799.7776831701285,5,13998.888415850643,False
601,C040,2025-04-29,Mouse,Electronics,66.91828074278472,5,334.59140371392357,False
602,C055,2026-01-18,Mouse,Electronics,6910.826394242959,5,34554.131971214796,False
603,C037,2026-01-20,Computer,Electronics,4684.633528732829,2,9369.267057465659,False
604,C076,2026-01-24,Necklace,Accessories,6250.520956145074,2,12501.041912290148,False
605,C094,2025-04-22,Notebook,Office,5469.620216217301,1,5469.620216217301,False
606,C081,2025-09-04,Vacuum,Electronics,5922.141910147623,4,23688.567640590492,False
607,C072,2025-04-03,Necklace,Accessories,3282.829339143137,3,9848.488017429412,False
608,C070,2025-07-05,Computer,Electronics,340.58371364014215,0,0.0,True
609,C076,2025-03-10,Vacuum,Electronics,8185.586926713434,1,8185.586926713434,False
610,C058,2025-04-29,Vacuum,Electronics,,1,,False
611,C036,2025-07-31,Necklace,Accessories,8281.906126857255,5,41409.530634286275,False
612,C032,2025-03-17,Computer,Electronics,3616.5775089141307,5,18082.887544570654,False
613,C076,2025-08-05,Notebook,Office,,5,,False
614,C064,2025-06-09,Mouse,Electronics,440.9030220343827,5,2204.5151101719134,False
615,C099,2025-05-05,Bed,Furniture,1868.117530435867,0,0.0,True
616,C018,2025-12-20,Bed,Furniture,7908.270528684886,4,31633.082114739544,False
617,C088,2025-09-28,Computer,Electronics,8958.13898667583,2,17916.27797335166,False
618,C022,2025-12-17,Ring,Accessories,5691.321370441108,4,22765.285481764433,False
619,C017,2026-02-12,Sofa,Furniture,5110.803226884634,2,10221.606453769267,False
620,C061,2026-01-08,Bed,Furniture,1689.6459918635699,0,0.0,True
621,C098,2025-06-22,Necklace,Accessories,955.828353230267,4,3823.313412921068,False
622,C023,2025-11-10,Vacuum,Electronics,117.89815441420696,5,589.4907720710348,False
623,C071,2025-12-06,Ring,Accessories,7771.644841358782,1,7771.644841358782,False
624,C014,2025-03-12,KeyBoard,Electronics,9219.865353760555,0,0.0,True
625,C018,2025-12-12,Notebook,Office,2153.4662304531066,1,2153.4662304531066,False
626,C054,2025-05-10,Ring,Accessories,7196.110082004382,4,28784.44032801753,False
627,C003,2025-04-08,Vacuum,Electronics,8304.195457753487,3,24912.586373260463,False
628,C028,2025-05-20,Ring,Accessories,,1,,False
629,C034,2025-05-06,Bed,Furniture,5125.321097620329,4,20501.284390481316,False
630,C097,2025-05-14,Ring,Accessories,5256.292504233979,0,0.0,True
631,C019,2025-08-31,Vacuum,Electronics,4057.7593243471497,5,20288.79662173575,False
632,C046,2025-06-05,Vacuum,Electronics,6838.167353649755,3,20514.502060949264,False
633,C050,2025-10-01,Mouse,Electronics,3534.5547149002864,3,10603.664144700859,False
634,C005,2025-05-13,KeyBoard,Electronics,3814.2402841898643,4,15256.961136759457,False
635,C068,2025-06-11,Vacuum,Electronics,3441.293001744975,3,10323.879005234925,False
636,C020,2025-04-27,Ring,Accessories,4618.8435583837545,3,13856.530675151263,False
637,C061,2025-05-13,Mouse,Electronics,9177.431247318915,3,27532.293741956746,False
638,C065,2025-12-14,Mouse,Electronics,3782.5696502576143,2,7565.139300515229,False
639,C069,2025-10-25,Mouse,Electronics,4400.187307398647,3,13200.561922195942,False
640,C047,2025-07-03,Mouse,Electronics,7601.544454415131,5,38007.722272075654,False
641,C042,2025-10-04,Necklace,Accessories,8225.732347624837,5,41128.66173812418,False
642,C008,2026-01-19,Ring,Accessories,2462.4570569009043,0,0.0,True
643,C098,2025-07-10,Notebook,Office,5352.598357653871,0,0.0,True
644,C022,2025-10-26,Computer,Electronics,1337.9666342576327,4,5351.866537030531,False
645,C040,2025-03-24,Bed,Furniture,6495.223959210595,4,25980.89583684238,False
646,C067,2026-01-31,Bed,Furniture,,4,,False
647,C097,2025-12-20,Bed,Furniture,1399.2921744654209,2,2798.5843489308418,False
648,C081,2025-12-24,Ring,Accessories,5829.476452068569,0,0.0,True
649,C018,2025-07-28,Notebook,Office,8775.969774401497,3,26327.90932320449,False
650,C038,2025-04-25,Mouse,Electronics,1588.666329100915,4,6354.66531640366,False
651,C056,2025-03-08,Sofa,Furniture,6380.730140271715,3,19142.190420815146,False
652,C052,2026-01-31,Ring,Accessories,9874.346006128828,4,39497.38402451531,False
653,C008,2026-01-27,Notebook,Office,3901.0226026405294,5,19505.11301320265,False
654,C033,2025-08-26,KeyBoard,Electronics,9086.002552713822,1,9086.002552713822,False
655,C041,2025-12-17,Sofa,Furniture,6000.60433343383,2,12001.20866686766,False
656,C058,2025-03-30,KeyBoard,Electronics,856.5830545065733,0,0.0,True
657,C085,2025-03-07,Bed,Furniture,9505.614449028611,5,47528.072245143056,False
658,C065,2025-03-12,Necklace,Accessories,4756.146683107103,5,23780.733415535513,False
659,C099,2025-10-15,KeyBoard,Electronics,7990.620561572403,0,0.0,True
660,C023,2025-08-21,KeyBoard,Electronics,5502.6484094579755,2,11005.296818915951,False
661,C018,2025-03-17,Computer,Electronics,8257.221589514207,2,16514.443179028414,False
662,C064,2026-01-20,Sofa,Furniture,3461.4134873350026,4,13845.65394934001,False
663,C035,2025-12-14,Mouse,Electronics,4185.671162359604,5,20928.35581179802,False
664,C070,2025-11-13,Vacuum,Electronics,9658.115128062116,4,38632.460512248465,False
665,C051,2025-04-24,Vacuum,Electronics,299.7270550790296,2,599.4541101580592,False
666,C007,2025-06-24,Sofa,Furniture,6504.025221724205,2,13008.05044344841,False
667,C070,2025-07-06,Computer,Electronics,3517.668442809923,5,17588.342214049615,False
668,C075,2025-02-27,Mouse,Electronics,3400.032074597685,1,3400.032074597685,False
669,C008,2025-11-30,Computer,Electronics,2128.084116810452,4,8512.336467241808,False
670,C035,2026-01-17,Necklace,Accessories,1332.2599303834234,5,6661.2996519171165,False
671,C041,2026-01-27,Bed,Furniture,7118.733735237025,0,-0.0,True
672,C040,2025-03-24,Notebook,Office,6674.764830022738,1,6674.764830022738,False
673,C095,2025-08-11,Mouse,Electronics,7135.500784583429,2,14271.001569166858,False
674,C028,2025-03-12,Notebook,Office,9046.208886016566,2,18092.41777203313,False
675,C042,2026-01-30,Notebook,Office,4443.891020582161,2,8887.782041164322,False
676,C073,2025-07-22,KeyBoard,Electronics,365.0483891165572,1,365.0483891165572,False
677,C030,2025-12-13,Bed,Furniture,6815.9128805591145,5,34079.56440279557,False
678,C048,2025-07-07,Bed,Furniture,3205.5423517589816,2,6411.084703517963,False
679,C026,2025-09-27,Computer,Electronics,8457.10874973141,1,8457.10874973141,False
680,C019,2025-11-21,Ring,Accessories,6598.2609384377865,1,6598.2609384377865,False
681,C041,2026-01-08,Notebook,Office,6911.694560643178,2,13823.389121286356,False
682,C061,2025-11-25,Bed,Furniture,8572.55739541083,1,8572.55739541083,False
683,C004,2025-12-08,Ring,Accessories,,2,,False
684,C089,2025-07-11,Vacuum,Electronics,5754.71735608518,4,23018.86942434072,False
685,C055,2026-02-11,Necklace,Accessories,2174.6306021762725,2,4349.261204352545,False
686,C057,2025-12-07,Sofa,Furniture,2666.1420777501135,2,-5332.284155500227,False
687,C027,2025-08-14,Necklace,Accessories,6026.982048890874,4,24107.928195563494,False
688,C003,2026-01-04,Vacuum,Electronics,4699.035183262144,4,18796.140733048574,False
689,C010,2025-03-17,Vacuum,Electronics,1079.422393145108,5,5397.111965725539,False
690,C016,2025-07-26,Necklace,Accessories,7865.459420808075,3,23596.378262424227,False
691,C024,2026-02-25,Sofa,Furniture,579.2488976465902,2,1158.4977952931804,False
692,C054,2025-12-19,KeyBoard,Electronics,2157.290970115351,5,10786.454850576754,False
693,C056,2025-05-10,Vacuum,Electronics,6404.717786609295,4,25618.87114643718,False
694,C097,2026-01-19,Necklace,Accessories,8441.42609147186,3,25324.278274415577,False
695,C100,2025-09-29,Notebook,Office,,5,,False
696,C036,2026-02-17,Bed,Furniture,5455.687163422061,3,16367.061490266182,False
697,C074,2025-09-18,Ring,Accessories,1374.3461319548983,0,0.0,True
698,C061,2025-09-04,Computer,Electronics,3602.7292351689666,5,-18013.646175844835,False
699,C048,2025-09-04,Bed,Furniture,5181.296496592171,3,15543.889489776513,False
700,C058,2025-04-11,Ring,Accessories,2625.9967122883936,2,5251.993424576787,False
701,C033,2025-05-18,Computer,Electronics,5927.927040209769,4,23711.708160839076,False
702,C029,2025-06-17,Vacuum,Electronics,6738.460181377813,2,13476.920362755625,False
703,C004,2025-06-22,Necklace,Accessories,6133.612478554204,2,12267.224957108408,False
704,C066,2025-08-18,Necklace,Accessories,6048.822973362442,5,-30244.11486681221,False
705,C017,2025-11-05,Computer,Electronics,9301.972879556763,2,18603.945759113525,False
706,C024,2025-09-01,Sofa,Furniture,4978.46249476905,1,4978.46249476905,False
707,C076,2025-09-10,Notebook,Office,,1,,False
708,C060,2025-12-24,KeyBoard,Electronics,6695.9361295117005,5,33479.6806475585,False
709,C028,2025-12-30,Vacuum,Electronics,2852.407506769459,3,8557.222520308376,False
710,C063,2025-06-28,Notebook,Office,8137.246580835262,2,16274.493161670523,False
711,C091,2025-06-12,KeyBoard,Electronics,,4,,False
712,C034,2025-03-27,Bed,Furniture,7813.867741929642,3,23441.603225788924,False
713,C039,2025-07-01,Bed,Furniture,7337.6620595498425,2,14675.324119099685,False
714,C089,2025-07-04,Necklace,Accessories,5848.45263839132,3,17545.35791517396,False
715,C052,2025-05-18,Notebook,Office,9675.970719834506,2,19351.94143966901,False
716,C050,2025-10-01,Mouse,Electronics,9204.99086430342,2,18409.98172860684,False
717,C097,2025-05-17,Ring,Accessories,2922.193504183883,5,14610.967520919414,False
718,C090,2026-01-03,Vacuum,Electronics,3023.5766727655823,1,3023.5766727655823,False
719,C017,2025-06-08,Vacuum,Electronics,8694.15762563299,4,34776.63050253196,False
720,C001,2025-09-30,Ring,Accessories,66.74228257014424,4,266.96913028057696,False
721,C072,2025-11-03,Vacuum,Electronics,2790.326365470956,0,0.0,True
722,C074,2025-12-01,Computer,Electronics,6384.089970389239,4,25536.359881556957,False
723,C087,2025-06-27,Bed,Furniture,2784.6849665208874,5,13923.424832604436,False
724,C005,2025-05-04,Sofa,Furniture,6372.62733582918,2,12745.25467165836,False
725,C090,2025-06-11,Bed,Furniture,8607.0434776802,4,34428.1739107208,False
726,C040,2025-05-01,Vacuum,Electronics,7169.811708114417,2,14339.623416228835,False
727,C058,2025-09-26,Notebook,Office,8375.806887367642,5,41879.03443683821,False
728,C011,2025-12-31,Vacuum,Electronics,3396.022635694282,4,13584.090542777129,False
729,C015,2025-09-12,Necklace,Accessories,5235.864346852558,3,15707.593040557673,False
730,C060,2025-12-15,Sofa,Furniture,,2,,False
731,C021,2026-01-08,Sofa,Furniture,,3,,False
732,C066,2025-10-18,Vacuum,Electronics,2842.3312473330766,1,2842.3312473330766,False
733,C041,2025-09-27,Necklace,Accessories,7777.76145235349,0,0.0,True
734,C087,2025-04-07,Necklace,Accessories,7529.960200441683,4,30119.84080176673,False
735,C014,2025-06-03,Sofa,Furniture,5708.425408043913,4,22833.701632175653,False
736,C097,2025-08-26,Sofa,Furniture,389.22236561130643,0,0.0,True
737,C068,2025-06-20,Ring,Accessories,,0,,True
738,C084,2025-09-12,Necklace,Accessories,1949.8817532146124,2,3899.763506429225,False
739,C050,2025-12-18,Vacuum,Electronics,7284.270960523144,3,21852.812881569433,False
740,C094,2025-08-13,KeyBoard,Electronics,2184.912327341877,2,4369.824654683754,False
741,C077,2025-05-22,Computer,Electronics,8895.625437683919,5,44478.127188419596,False
742,C082,2025-07-11,Notebook,Office,2158.621120345475,1,2158.621120345475,False
743,C046,2026-01-23,Notebook,Office,8814.225754458199,2,17628.451508916398,False
744,C097,2025-03-24,Computer,Electronics,2561.032074349183,5,12805.160371745915,False
745,C011,2025-12-28,Ring,Accessories,6286.118132820911,5,-31430.59066410456,False
746,C095,2026-01-12,Ring,Accessories,9957.183716971827,2,19914.367433943655,False
747,C081,2025-10-31,Bed,Furniture,3853.625351369907,3,11560.876054109722,False
748,C041,2025-07-22,Sofa,Furniture,9479.065361688568,3,28437.196085065705,False
749,C055,2025-12-11,KeyBoard,Electronics,,4,,False
750,C020,2025-04-05,Notebook,Office,7794.986703564114,1,7794.986703564114,False
751,C046,2025-11-26,Vacuum,Electronics,3165.6550208123317,5,15828.275104061659,False
752,C083,2026-01-12,Mouse,Electronics,3832.2756890296237,5,19161.37844514812,False
753,C035,2025-08-15,Vacuum,Electronics,443.896768829675,3,1331.690306489025,False
754,C088,2025-12-27,KeyBoard,Electronics,5661.126609128999,1,-5661.126609128999,False
755,C056,2025-11-26,Ring,Accessories,5479.210301758174,2,10958.420603516348,False
756,C063,2025-05-17,Notebook,Office,8466.317285730185,4,33865.26914292074,False
757,C060,2026-02-14,Necklace,Accessories,3101.488879016682,4,12405.955516066728,False
758,C076,2025-07-03,KeyBoard,Electronics,5045.108738996305,2,10090.21747799261,False
759,C084,2025-12-20,Vacuum,Electronics,7345.056069448305,3,22035.168208344912,False
760,C036,2025-07-28,Vacuum,Electronics,2858.005869380977,2,5716.011738761954,False
761,C100,2025-09-20,Mouse,Electronics,749.5129665546826,2,1499.0259331093653,False
762,C027,2025-06-06,Notebook,Office,5829.001886082129,4,23316.007544328517,False
763,C028,2025-11-25,Bed,Furniture,3313.8703700612473,2,6627.740740122495,False
764,C057,2025-05-05,Ring,Accessories,4184.44400348265,4,16737.7760139306,False
765,C085,2025-09-09,Bed,Furniture,3084.1621769350813,1,3084.1621769350813,False
766,C034,2025-09-04,Vacuum,Electronics,9558.583364605329,0,0.0,True
767,C059,2026-02-24,KeyBoard,Electronics,3931.080798343978,1,3931.080798343978,False
768,C081,2026-01-27,Notebook,Office,6445.223951963784,4,25780.895807855137,False
769,C006,2025-11-14,Ring,Accessories,9960.448885055233,2,19920.897770110467,False
770,C060,2025-03-17,Mouse,Electronics,2097.702735741362,2,4195.405471482724,False
771,C063,2025-04-25,Computer,Electronics,6990.735942437302,3,20972.207827311904,False
772,C084,2025-03-05,Mouse,Electronics,5573.797149917795,3,16721.391449753384,False
773,C068,2025-12-22,Computer,Electronics,2096.9597917390106,3,6290.879375217031,False
774,C019,2026-02-09,Vacuum,Electronics,594.6143486860832,1,594.6143486860832,False
775,C098,2025-05-24,KeyBoard,Electronics,5353.708596553394,2,10707.417193106789,False
776,C074,2025-08-08,Notebook,Office,3857.7275742766633,4,15430.910297106653,False
777,C062,2025-06-07,Computer,Electronics,3634.654322842748,5,18173.27161421374,False
778,C070,2025-04-20,Notebook,Office,812.8137829076043,2,1625.6275658152085,False
779,C100,2025-09-28,KeyBoard,Electronics,2166.6979956822756,3,6500.093987046826,False
780,C031,2025-10-24,Bed,Furniture,2734.926323147441,1,2734.926323147441,False
781,C062,2025-06-25,Ring,Accessories,4338.622635454231,2,8677.245270908463,False
782,C014,2026-02-25,KeyBoard,Electronics,1427.127595337875,5,7135.637976689375,False
783,C029,2025-07-05,Bed,Furniture,7343.410060908634,1,7343.410060908634,False
784,C009,2025-09-15,Necklace,Accessories,7508.508478025413,5,37542.54239012706,False
785,C050,2025-07-16,Mouse,Electronics,6588.891745119336,4,26355.566980477342,False
786,C057,2025-09-24,Notebook,Office,2694.976073155405,5,13474.880365777026,False
787,C046,2025-11-11,Necklace,Accessories,8388.332123242315,3,25164.996369726945,False
788,C061,2025-09-29,Notebook,Office,6260.628358554936,1,6260.628358554936,False
789,C024,2025-03-17,Computer,Electronics,914.7972432065118,0,0.0,True
790,C011,2025-03-31,Vacuum,Electronics,7505.958553199157,4,30023.834212796628,False
791,C014,2025-12-24,Necklace,Accessories,5611.678320756912,2,11223.356641513825,False
792,C007,2025-08-17,KeyBoard,Electronics,5573.268895817448,0,0.0,True
793,C030,2026-01-25,Vacuum,Electronics,8415.123921058916,4,33660.49568423566,False
794,C005,2025-04-20,Necklace,Accessories,1805.1849866432365,5,9025.924933216182,False
795,C010,2025-06-17,Computer,Electronics,987.6109758437999,3,2962.8329275314,False
796,C084,2026-02-03,Ring,Accessories,949.6508506608375,5,4748.254253304187,False
797,C011,2025-05-02,Computer,Electronics,948.703613308757,0,0.0,True
798,C019,2026-01-03,Sofa,Furniture,905.2101469484035,0,0.0,True
799,C095,2025-04-26,Ring,Accessories,9664.933948303158,0,0.0,True
800,C025,2025-12-26,Notebook,Office,2651.5733178297446,3,7954.719953489233,False
801,C038,2025-03-25,Vacuum,Electronics,8688.181668659425,0,0.0,True
802,C011,2025-04-13,Notebook,Office,7844.14846566532,1,7844.14846566532,False
803,C035,2025-06-13,Sofa,Furniture,8528.851887214316,4,34115.40754885726,False
804,C088,2025-10-19,Notebook,Office,3649.875321743454,1,3649.875321743454,False
805,C099,2025-05-02,Vacuum,Electronics,7465.831667501014,3,22397.49500250304,False
806,C050,2025-05-14,Vacuum,Electronics,7949.539326960736,5,39747.69663480368,False
807,C040,2025-08-09,Bed,Furniture,1108.1537849155047,5,5540.768924577524,False
808,C033,2025-07-24,Sofa,Furniture,2551.73921270283,5,12758.696063514151,False
809,C005,2025-10-01,Ring,Accessories,6367.726525319836,2,12735.453050639671,False
810,C028,2026-01-31,Bed,Furniture,9672.023057956869,5,48360.11528978434,False
811,C087,2026-01-11,Mouse,Electronics,169.84059270748895,4,679.3623708299558,False
812,C076,2025-05-05,KeyBoard,Electronics,5252.151904726453,0,0.0,True
813,C097,2026-01-29,Sofa,Furniture,,4,,False
814,C044,2026-02-23,Vacuum,Electronics,8808.75058022039,4,35235.00232088156,False
815,C060,2025-07-03,Sofa,Furniture,911.1590772051372,5,4555.795386025686,False
816,C087,2026-01-14,Computer,Electronics,4908.52539990122,2,9817.05079980244,False
817,C038,2025-06-06,Sofa,Furniture,1661.9586488783139,3,4985.875946634942,False
818,C004,2025-08-02,Sofa,Furniture,7798.621516821843,5,38993.10758410922,False
819,C047,2025-03-31,Notebook,Office,1149.2987923195647,5,5746.493961597824,False
820,C035,2025-10-15,Ring,Accessories,,2,,False
821,C087,2025-03-23,Mouse,Electronics,9568.857368791074,3,28706.57210637322,False
822,C064,2025-10-27,Ring,Accessories,2663.7975742942954,1,2663.7975742942954,False
823,C080,2025-08-18,Vacuum,Electronics,5673.436073999274,2,11346.872147998549,False
824,C048,2026-01-16,Sofa,Furniture,621.1060742855242,3,1863.3182228565724,False
825,C084,2026-02-07,Mouse,Electronics,9751.731148940178,3,-29255.193446820536,False
826,C004,2025-11-15,Ring,Accessories,6644.342839620543,1,6644.342839620543,False
827,C030,2025-11-30,Ring,Accessories,3410.9512994563593,2,6821.9025989127185,False
828,C023,2025-12-11,Ring,Accessories,,3,,False
829,C065,2025-12-11,Bed,Furniture,1854.7939461464327,4,7419.175784585731,False
830,C018,2025-05-15,Vacuum,Electronics,787.9438469050591,2,1575.8876938101182,False
831,C056,2025-02-26,Bed,Furniture,3682.0586764887853,4,14728.234705955141,False
832,C074,2026-02-02,Notebook,Office,7125.786423662101,2,14251.572847324202,False
833,C080,2026-02-20,Necklace,Accessories,3798.1497117885438,5,18990.74855894272,False
834,C077,2025-08-08,Bed,Furniture,9602.274816051153,0,0.0,True
835,C048,2025-11-04,KeyBoard,Electronics,5083.654932437171,2,10167.309864874342,False
836,C066,2025-08-31,KeyBoard,Electronics,2265.0417633499687,5,11325.208816749844,False
837,C059,2025-04-08,Computer,Electronics,8801.733972444828,4,35206.93588977931,False
838,C055,2025-04-09,Ring,Accessories,2893.600114390187,1,2893.600114390187,False
839,C035,2026-01-09,Mouse,Electronics,7960.813725442959,4,31843.254901771837,False
840,C039,2026-01-25,Mouse,Electronics,9010.925997937613,4,36043.70399175045,False
841,C032,2025-06-27,Vacuum,Electronics,,4,,False
842,C036,2025-08-09,Bed,Furniture,5317.719290167232,5,26588.59645083616,False
843,C017,2025-08-08,Computer,Electronics,4501.091590143929,5,22505.457950719647,False
844,C007,2026-02-14,Mouse,Electronics,5349.379816071859,1,5349.379816071859,False
845,C072,2026-01-22,Sofa,Furniture,8228.219228763312,1,8228.219228763312,False
846,C081,2025-08-28,Notebook,Office,6634.16430465953,5,33170.82152329765,False
847,C095,2026-01-28,KeyBoard,Electronics,2947.081224611105,5,14735.406123055525,False
848,C099,2026-02-25,Necklace,Accessories,8757.892879968924,2,17515.785759937848,False
849,C084,2025-03-10,Computer,Electronics,2641.5910340846535,3,7924.773102253961,False
850,C052,2025-11-16,Bed,Furniture,7220.762568908839,4,28883.050275635356,False
851,C052,2025-12-14,Notebook,Office,5627.288791703279,5,28136.443958516393,False
852,C028,2025-05-10,Computer,Electronics,3130.4422084865814,4,12521.768833946326,False
853,C083,2025-04-05,Mouse,Electronics,9073.66025988335,5,45368.30129941675,False
854,C013,2025-10-24,Mouse,Electronics,9864.612683318132,1,-9864.612683318132,False
855,C040,2025-12-25,Mouse,Electronics,6394.506433929658,0,0.0,True
856,C010,2025-12-20,Necklace,Accessories,1931.8494276025071,2,3863.6988552050143,False
857,C015,2025-04-10,Sofa,Furniture,283.47402294411575,5,1417.3701147205788,False
858,C005,2025-09-05,Bed,Furniture,482.0852102678469,5,2410.4260513392346,False
859,C050,2025-03-26,Notebook,Office,8406.867732578525,5,42034.338662892624,False
860,C035,2025-03-12,Bed,Furniture,4744.722861923567,5,23723.614309617835,False
861,C077,2025-09-07,Vacuum,Electronics,3592.326156229533,0,0.0,True
862,C011,2025-08-31,Notebook,Office,5101.023878084712,5,25505.119390423562,False
863,C086,2025-03-06,Mouse,Electronics,8440.51038495636,5,42202.5519247818,False
864,C078,2025-06-01,Bed,Furniture,9671.43630468861,1,9671.43630468861,False
865,C056,2025-07-15,Mouse,Electronics,2174.363811902319,3,6523.091435706957,False
866,C093,2025-12-02,Computer,Electronics,444.7343921260938,1,444.7343921260938,False
867,C061,2025-08-16,Mouse,Electronics,8281.383342824,1,8281.383342824,False
868,C046,2025-03-17,Notebook,Office,4121.648032623672,1,4121.648032623672,False
869,C015,2025-06-20,Bed,Furniture,6094.988834854599,4,24379.955339418397,False
870,C052,2025-07-25,Notebook,Office,6366.817324857682,2,12733.634649715365,False
871,C012,2026-01-31,Mouse,Electronics,4732.760208387014,4,18931.040833548057,False
872,C032,2025-07-24,Notebook,Office,4249.806058840618,1,4249.806058840618,False
873,C081,2026-01-02,KeyBoard,Electronics,3714.541753381049,3,11143.625260143148,False
874,C003,2025-07-08,Necklace,Accessories,670.6181337389495,5,3353.0906686947474,False
875,C008,2025-11-04,Vacuum,Electronics,1766.6672737132365,2,3533.334547426473,False
876,C075,2026-01-30,Necklace,Accessories,842.47849982751,1,842.47849982751,False
877,C004,2025-04-26,Necklace,Accessories,5501.909770966968,5,27509.548854834837,False
878,C084,2025-05-14,Notebook,Office,1713.1185300918785,4,6852.474120367514,False
879,C020,2026-01-29,Bed,Furniture,5909.389326120125,4,23637.5573044805,False
880,C001,2025-07-04,Vacuum,Electronics,4740.606133131948,2,9481.212266263896,False
881,C092,2026-01-09,Ring,Accessories,3703.8544296661184,1,3703.8544296661184,False
882,C045,2026-01-22,Necklace,Accessories,4653.491723514369,4,18613.966894057477,False
883,C099,2025-06-10,Bed,Furniture,8332.450912029386,5,41662.25456014693,False
884,C038,2025-09-11,Vacuum,Electronics,4953.064013640675,2,9906.12802728135,False
885,C097,2025-11-09,Notebook,Office,3957.6901152091973,0,0.0,True
886,C077,2025-12-10,Ring,Accessories,6742.314447908627,4,26969.257791634507,False
887,C032,2025-04-02,Vacuum,Electronics,171.0738595913348,5,855.369297956674,False
888,C089,2025-10-15,Computer,Electronics,2634.774200642724,0,0.0,True
889,C053,2025-06-21,Ring,Accessories,7228.652371170132,5,36143.26185585066,False
890,C071,2025-06-17,Sofa,Furniture,695.0516646964877,4,2780.206658785951,False
891,C015,2026-01-12,Mouse,Electronics,8956.871408490826,2,17913.742816981652,False
892,C065,2025-05-31,Computer,Electronics,,5,,False
893,C030,2025-07-26,Vacuum,Electronics,51.3396771008201,3,154.0190313024603,False
894,C018,2025-09-17,Bed,Furniture,7634.664517100712,5,38173.32258550356,False
895,C035,2025-03-12,Vacuum,Electronics,7442.361169771245,2,14884.72233954249,False
896,C093,2025-07-05,Necklace,Accessories,1113.8750156772016,3,3341.625047031605,False
897,C077,2025-09-17,KeyBoard,Electronics,5433.522860813963,3,16300.56858244189,False
898,C036,2025-04-18,Bed,Furniture,4160.703847159143,2,8321.407694318286,False
899,C008,2025-07-28,KeyBoard,Electronics,,0,,True
900,C065,2025-07-22,Mouse,Electronics,4584.970414220367,4,18339.88165688147,False
901,C073,2025-03-01,Mouse,Electronics,4335.313866934054,3,13005.941600802162,False
902,C063,2025-04-23,Computer,Electronics,9747.011531767117,0,0.0,True
903,C047,2025-06-05,Notebook,Office,1169.93229909016,0,0.0,True
904,C048,2025-12-23,Ring,Accessories,,2,,False
905,C068,2025-07-15,Computer,Electronics,1083.9387080836823,5,5419.693540418411,False
906,C061,2025-11-16,Mouse,Electronics,9005.233810360152,5,45026.16905180076,False
907,C084,2025-05-30,Sofa,Furniture,1449.3787000174418,2,2898.7574000348836,False
908,C050,2026-01-11,Sofa,Furniture,,3,,False
909,C004,2026-01-21,Notebook,Office,5717.749459572147,0,0.0,True
910,C009,2025-11-01,Sofa,Furniture,926.4953258371523,3,2779.485977511457,False
911,C051,2025-10-14,Vacuum,Electronics,2032.0605487950306,4,8128.2421951801225,False
912,C019,2025-12-12,Mouse,Electronics,9255.553811756237,1,9255.553811756237,False
913,C058,2025-12-15,KeyBoard,Electronics,9772.533544601514,1,9772.533544601514,False
914,C076,2025-04-26,Vacuum,Electronics,1625.1853462469812,4,6500.741384987925,False
915,C064,2026-02-09,KeyBoard,Electronics,2330.826858148701,1,2330.826858148701,False
916,C011,2025-11-09,Mouse,Electronics,4239.5179318187575,1,4239.5179318187575,False
917,C085,2025-12-28,Necklace,Accessories,5618.086542903147,1,5618.086542903147,False
918,C068,2025-03-18,Notebook,Office,5868.340174424457,4,23473.360697697826,False
919,C055,2025-11-28,Notebook,Office,1237.501668044905,4,4950.00667217962,False
920,C021,2025-08-20,Sofa,Furniture,4195.225645068735,5,20976.128225343673,False
921,C022,2025-05-26,Ring,Accessories,2990.7585660262025,5,14953.792830131013,False
922,C095,2025-11-18,Vacuum,Electronics,9842.86751437491,3,29528.60254312473,False
923,C065,2025-09-26,Vacuum,Electronics,6098.945780532803,4,24395.78312213121,False
924,C100,2026-01-10,Mouse,Electronics,4543.554263181061,4,18174.217052724245,False
925,C030,2025-11-28,Computer,Electronics,7623.086031916561,4,30492.344127666245,False
926,C035,2025-03-29,Sofa,Furniture,5358.075714414583,2,10716.151428829166,False
927,C068,2025-11-25,KeyBoard,Electronics,5264.710066706999,5,26323.550333534993,False
928,C051,2025-08-08,KeyBoard,Electronics,5722.584101516691,0,0.0,True
929,C081,2025-12-31,Ring,Accessories,,3,,False
930,C095,2025-04-04,Ring,Accessories,,5,,False
931,C087,2025-03-16,KeyBoard,Electronics,3876.1060270747407,0,0.0,True
932,C075,2025-07-14,Sofa,Furniture,1525.8398630109268,2,3051.6797260218536,False
933,C022,2025-11-15,Mouse,Electronics,3888.0944042981932,5,19440.472021490965,False
934,C087,2025-05-20,Vacuum,Electronics,,4,,False
935,C031,2025-10-03,KeyBoard,Electronics,7938.937730422545,4,31755.75092169018,False
936,C088,2025-07-21,Mouse,Electronics,836.9758560322427,1,836.9758560322427,False
937,C019,2025-06-01,Necklace,Accessories,785.9867895143869,4,3143.9471580575478,False
938,C097,2025-10-22,Notebook,Office,954.1422618090153,0,0.0,True
939,C058,2025-04-05,Vacuum,Electronics,6229.583311607054,1,6229.583311607054,False
940,C002,2025-03-03,Computer,Electronics,3078.8577319710557,3,9236.573195913166,False
941,C091,2025-02-27,Vacuum,Electronics,726.0003968726879,0,0.0,True
942,C016,2025-12-04,Necklace,Accessories,1824.8932737961584,4,7299.5730951846335,False
943,C044,2026-02-02,Computer,Electronics,5495.887682601837,3,16487.66304780551,False
944,C029,2025-04-08,Computer,Electronics,191.18545817278178,4,764.7418326911271,False
945,C097,2025-11-17,Sofa,Furniture,4708.045342122696,4,18832.181368490783,False
946,C054,2025-03-27,Notebook,Office,9954.0086511906,1,9954.0086511906,False
947,C059,2025-06-05,KeyBoard,Electronics,1727.9149631665314,5,8639.574815832657,False
948,C014,2026-02-20,KeyBoard,Electronics,8354.508453950868,4,33418.03381580347,False
949,C076,2026-02-24,Ring,Accessories,2436.8823275570217,1,2436.8823275570217,False
950,C009,2025-11-08,Necklace,Accessories,6554.344978850338,2,-13108.689957700675,False
951,C092,2026-01-03,Bed,Furniture,7059.864961380914,3,21179.59488414274,False
952,C042,2025-03-12,Mouse,Electronics,4706.336748856404,4,18825.346995425614,False
953,C019,2025-12-12,Ring,Accessories,3268.557271357575,1,3268.557271357575,False
954,C027,2025-11-02,Mouse,Electronics,9302.232291290464,2,18604.464582580928,False
955,C002,2025-07-15,Mouse,Electronics,8443.501803131969,5,42217.509015659845,False
956,C016,2025-12-03,KeyBoard,Electronics,1932.3243997162147,3,5796.973199148644,False
957,C014,2025-08-23,Necklace,Accessories,5098.694033151361,2,10197.388066302721,False
958,C051,2025-10-21,Ring,Accessories,153.12108625028372,2,306.24217250056745,False
959,C062,2025-06-05,KeyBoard,Electronics,4067.625669559627,1,4067.625669559627,False
960,C036,2025-12-30,Notebook,Office,4085.903153646552,2,8171.806307293104,False
961,C096,2025-05-02,Ring,Accessories,9340.716809104655,1,9340.716809104655,False
962,C074,2026-02-24,Sofa,Furniture,8072.484662063545,0,0.0,True
963,C084,2025-12-03,Necklace,Accessories,5409.940556325618,3,16229.821668976852,False
964,C009,2025-10-28,Necklace,Accessories,9319.229296064188,3,27957.687888192566,False
965,C067,2025-10-31,KeyBoard,Electronics,9202.071599006533,1,9202.071599006533,False
966,C037,2026-01-14,KeyBoard,Electronics,9354.241980448773,5,46771.20990224386,False
967,C058,2025-08-13,Bed,Furniture,5915.013477187039,3,17745.040431561116,False
968,C096,2026-02-11,Ring,Accessories,7314.082501953997,2,14628.165003907994,False
969,C089,2025-04-11,Vacuum,Electronics,4522.362845876646,5,22611.81422938323,False
970,C069,2025-12-10,Notebook,Office,,3,,False
971,C018,2025-11-09,Necklace,Accessories,5244.076582104938,4,20976.306328419752,False
972,C013,2025-11-18,Notebook,Office,6748.75683128195,1,6748.75683128195,False
973,C071,2025-04-16,KeyBoard,Electronics,8953.074844043364,2,17906.149688086727,False
974,C062,2025-04-12,Computer,Electronics,4110.962764724785,4,16443.85105889914,False
975,C094,2025-10-15,KeyBoard,Electronics,9701.022623492265,0,0.0,True
976,C040,2025-09-24,Ring,Accessories,7469.035632070772,2,14938.071264141545,False
977,C002,2025-05-05,Computer,Electronics,1341.8237165421729,3,4025.4711496265186,False
978,C015,2025-08-11,Mouse,Electronics,6930.214188706486,0,0.0,True
979,C035,2025-05-21,KeyBoard,Electronics,5407.462126923988,5,27037.31063461994,False
980,C049,2025-08-17,Ring,Accessories,8348.847193929249,1,8348.847193929249,False
981,C021,2025-05-23,Notebook,Office,1784.9420223738648,3,5354.826067121594,False
982,C004,2026-02-18,Notebook,Office,7031.820688536856,5,35159.10344268428,False
983,C058,2025-08-18,Necklace,Accessories,2025.5358549965647,4,8102.143419986259,False
984,C023,2025-10-21,Sofa,Furniture,7067.193814847205,4,28268.77525938882,False
985,C004,2025-06-09,Sofa,Furniture,5938.641334360017,1,5938.641334360017,False
986,C080,2025-12-07,KeyBoard,Electronics,4409.457661401496,2,8818.915322802992,False
987,C068,2025-10-14,Bed,Furniture,8118.898177747244,3,24356.69453324173,False
988,C015,2025-09-12,Mouse,Electronics,1670.1596281597924,5,8350.798140798963,False
989,C075,2025-12-29,Sofa,Furniture,6376.778544594775,2,12753.55708918955,False
990,C091,2025-06-03,Bed,Furniture,3407.083763416585,2,6814.16752683317,False
991,C055,2025-05-06,Notebook,Office,5953.450714820439,3,17860.352144461318,False
992,C004,2025-08-21,Notebook,Office,4281.004825465815,3,12843.014476397446,False
993,C053,2026-01-28,Mouse,Electronics,,0,,True
994,C025,2026-01-22,Sofa,Furniture,5498.290511499692,3,16494.871534499078,False
995,C003,2025-10-27,Ring,Accessories,8949.50184400593,3,-26848.505532017793,False
996,C078,2025-05-23,Ring,Accessories,1670.8705703050282,1,1670.8705703050282,False
997,C027,2025-09-24,Mouse,Electronics,7702.176831765783,5,38510.884158828914,False
998,C011,2025-03-28,Ring,Accessories,677.7740980799812,0,0.0,True
999,C047,2025-06-13,Ring,Accessories,9484.357820037145,5,47421.78910018572,False
1000,C056,2025-07-19,Bed,Furniture,1214.8602332750172,4,4859.440933100069,False
