order_id,customer_id,order_date,product,category,price,quantity,total_amount
1,C072,2025-12-31,Computer,Electronics,1657.6215554590308,0,0.0
2,C091,2025-05-11,Sofa,Furniture,1355.3798139997448,3,4066.1394419992344
3,C054,2025-12-02,KeyBoard,Electronics,1009.1014185581366,0,0.0
4,C092,2026-01-29,Bed,Furniture,194.67993478098688,2,389.35986956197377
5,C021,2025-03-03,Ring,Accessories,3831.458483205102,4,15325.833932820407
6,C092,2026-02-17,Notebook,Office,9837.145553226062,4,39348.58221290425
7,C027,2025-12-21,Sofa,Furniture,7600.058455400821,2,15200.116910801642
8,C082,2025-03-10,Bed,Furniture,5625.666941785043,3,16877.000825355128
9,C081,2025-12-18,Bed,Furniture,,0,
10,C024,2025-03-05,KeyBoard,Electronics,8202.35264610013,0,0.0
11,C063,2025-07-20,KeyBoard,Electronics,8519.363525704546,4,34077.454102818185
12,C055,2026-01-16,Computer,Electronics,5138.749066599242,3,15416.247199797726
13,C003,2025-10-04,Ring,Accessories,8750.656534460417,4,35002.62613784167
14,C079,2025-08-08,Bed,Furniture,3813.918625948156,5,19069.59312974078
15,C080,2025-10-26,Mouse,Electronics,4761.578220868537,0,0.0
16,C014,2025-10-18,Necklace,Accessories,8174.628993224225,2,16349.25798644845
17,C043,2025-06-01,KeyBoard,Electronics,479.1015331033204,1,479.1015331033204
18,C004,2025-08-16,Notebook,Office,8331.171099722085,1,8331.171099722085
19,C055,2025-03-18,Vacuum,Electronics,5354.547785894089,3,16063.643357682267
20,C031,2025-07-13,Bed,Furniture,9249.55933771508,2,18499.11867543016
21,C056,2025-10-20,Computer,Electronics,9857.302647746135,5,49286.51323873068
22,C072,2025-10-27,Ring,Accessories,,4,
23,C081,2025-08-01,Bed,Furniture,565.2842417378355,1,565.2842417378355
24,C063,2025-08-05,Sofa,Furniture,6743.300090891047,4,26973.20036356419
25,C055,2025-04-15,Computer,Electronics,4455.788231989443,4,17823.152927957773
26,C058,2025-02-28,Computer,Electronics,5951.041296451286,2,11902.082592902572
27,C023,2025-09-27,Necklace,Accessories,,2,
28,C032,2025-08-31,Necklace,Accessories,6523.5641841943625,5,32617.82092097181
29,C013,2025-04-29,Sofa,Furniture,2971.478963090968,2,5942.957926181936
30,C071,2026-01-12,Bed,Furniture,3928.0256430359477,3,11784.076929107843
31,C088,2025-09-21,Mouse,Electronics,342.548206152068,1,342.548206152068
32,C075,2025-10-04,Bed,Furniture,4968.670337812651,3,14906.011013437954
33,C005,2025-03-27,Ring,Accessories,7038.439903820681,1,7038.439903820681
34,C073,2025-04-27,Vacuum,Electronics,1247.2136545088931,1,1247.2136545088931
35,C010,2025-06-06,Sofa,Furniture,,1,
36,C084,2025-06-09,Vacuum,Electronics,1139.4046991161167,3,-3418.21409734835
37,C091,2026-01-03,Bed,Furniture,5592.524230983489,0,0.0
38,C092,2025-04-01,Notebook,Office,3680.9605742945273,5,-18404.802871472635
39,C007,2025-05-21,Ring,Accessories,3335.5448293195777,5,16677.724146597888
40,C079,2025-09-15,KeyBoard,Electronics,8903.08312693601,3,26709.24938080803
41,C064,2025-04-21,Ring,Accessories,4223.323130058711,1,4223.323130058711
42,C081,2025-12-01,KeyBoard,Electronics,8742.886358785676,4,34971.5454351427
43,C050,2025-11-25,Bed,Furniture,,1,
44,C061,2025-06-12,Computer,Electronics,9899.313655286654,5,49496.568276433274
45,C072,2026-02-03,Computer,Electronics,4015.3067112053377,4,-16061.22684482135
46,C088,2025-09-07,Vacuum,Electronics,8929.227196844487,3,26787.681590533462
47,C030,2025-08-04,Ring,Accessories,4239.7366871999375,5,21198.683435999686
48,C033,2025-07-01,Necklace,Accessories,5529.708378791683,5,27648.541893958412
49,C082,2025-11-08,Sofa,Furniture,5810.67702637044,2,11621.35405274088
50,C018,2025-06-28,Mouse,Electronics,3673.574612842945,0,0.0
51,C029,2025-11-10,KeyBoard,Electronics,5049.561090030121,3,15148.683270090361
52,C039,2025-05-01,Ring,Accessories,1875.3369407870657,4,7501.347763148263
53,C022,2025-12-16,Necklace,Accessories,448.247550517357,5,2241.237752586785
54,C049,2025-03-28,Notebook,Office,2580.1685479309094,4,10320.674191723638
55,C100,2025-09-13,Vacuum,Electronics,3012.7016020924884,4,-12050.806408369954
56,C087,2025-09-13,Necklace,Accessories,3293.838820994113,1,3293.838820994113
57,C043,2025-09-24,Mouse,Electronics,456.4677441940254,5,2282.338720970127
58,C060,2025-12-31,Sofa,Furniture,7025.61966550143,5,35128.09832750715
59,C026,2025-12-16,KeyBoard,Electronics,108.88929615033527,0,0.0
60,C093,2025-04-19,Necklace,Accessories,9353.05968006977,5,46765.298400348845
61,C048,2025-04-27,Notebook,Office,3945.948218403947,2,7891.896436807894
62,C032,2025-07-15,Computer,Electronics,6890.898144321845,5,34454.490721609225
63,C084,2026-01-17,Vacuum,Electronics,1895.6997419360903,1,1895.6997419360903
64,C078,2025-04-20,Ring,Accessories,8489.758683432294,3,25469.27605029688
65,C068,2025-08-31,Ring,Accessories,8572.359282170006,4,34289.43712868002
66,C012,2025-10-20,Necklace,Accessories,4451.394257476747,5,22256.971287383734
67,C054,2025-05-10,Necklace,Accessories,4479.586168001981,1,4479.586168001981
68,C056,2025-12-21,KeyBoard,Electronics,5171.448829438969,0,0.0
69,C032,2025-08-29,Ring,Accessories,4684.366661882858,1,4684.366661882858
70,C080,2025-04-09,Ring,Accessories,1616.680241125642,4,6466.720964502568
71,C100,2025-10-29,KeyBoard,Electronics,1262.4675962224808,4,5049.870384889923
72,C012,2025-07-09,Necklace,Accessories,602.9951377350887,3,1808.9854132052662
73,C070,2025-10-30,Bed,Furniture,629.0625862274088,4,2516.2503449096353
74,C097,2025-09-23,Notebook,Office,9543.542247242527,1,9543.542247242527
75,C039,2025-12-28,Mouse,Electronics,1137.177626430854,4,4548.710505723416
76,C037,2025-06-28,Bed,Furniture,2518.090993691278,5,12590.45496845639
77,C057,2026-02-14,Ring,Accessories,4248.209538478144,2,8496.419076956288
78,C068,2025-06-09,Sofa,Furniture,4999.506822835748,5,24997.53411417874
79,C047,2026-02-26,Bed,Furniture,2785.7723499618846,1,2785.7723499618846
80,C077,2025-08-09,KeyBoard,Electronics,3897.239214683522,0,0.0
81,C067,2025-07-13,Bed,Furniture,,3,
82,C030,2025-11-18,Computer,Electronics,,5,
83,C007,2025-08-06,Bed,Furniture,4138.486355614003,3,12415.459066842008
84,C024,2026-01-04,Notebook,Office,889.2055760110776,2,1778.4111520221552
85,C084,2025-03-25,Necklace,Accessories,7740.212558053768,5,38701.062790268836
86,C081,2025-08-24,Sofa,Furniture,6565.586168482821,4,26262.344673931286
87,C035,2025-11-22,Ring,Accessories,9561.430603571593,4,38245.72241428637
88,C074,2025-03-26,Notebook,Office,6524.911628225469,3,19574.734884676407
89,C046,2025-05-19,Mouse,Electronics,7436.69182875184,4,-29746.76731500736
90,C022,2026-01-21,KeyBoard,Electronics,6573.888192423973,3,19721.66457727192
91,C003,2025-09-04,KeyBoard,Electronics,6175.5177711257365,4,24702.071084502946
92,C099,2025-06-04,Mouse,Electronics,4507.419359746294,1,4507.419359746294
93,C022,2025-04-05,Bed,Furniture,8587.939511012688,4,34351.75804405075
94,C080,2025-10-03,Sofa,Furniture,1479.2055806999074,1,1479.2055806999074
95,C068,2025-03-08,Ring,Accessories,9329.338519473624,2,18658.677038947248
96,C077,2025-10-22,Mouse,Electronics,6556.546537196842,3,19669.639611590526
97,C025,2025-04-24,Ring,Accessories,8799.984758662831,4,35199.939034651325
98,C025,2025-12-19,Bed,Furniture,195.73344716626903,5,978.6672358313451
99,C075,2025-06-14,Mouse,Electronics,7270.534671376771,5,-36352.67335688385
100,C012,2025-03-15,Notebook,Office,4598.873812901026,3,13796.621438703078
101,C051,2025-07-11,Necklace,Accessories,2511.804682711141,2,5023.609365422282
102,C080,2025-07-24,Bed,Furniture,6335.816241577308,5,-31679.08120788654
103,C026,2025-08-15,KeyBoard,Electronics,5412.400123568486,3,16237.20037070546
104,C092,2025-08-15,Vacuum,Electronics,6742.214396291789,2,13484.428792583578
105,C099,2025-05-26,Notebook,Office,5676.013821810356,4,22704.055287241423
106,C076,2025-03-23,Necklace,Accessories,9646.433377180801,2,19292.866754361603
107,C007,2026-02-07,Ring,Accessories,2741.7568002695143,4,10967.027201078057
108,C068,2025-07-07,Computer,Electronics,3976.602612960493,1,3976.602612960493
109,C008,2026-01-29,Vacuum,Electronics,7486.613924639558,1,7486.613924639558
110,C064,2025-11-03,Necklace,Accessories,6594.737364880877,1,6594.737364880877
111,C057,2025-09-28,KeyBoard,Electronics,4067.749064840245,0,0.0
112,C082,2025-03-26,Vacuum,Electronics,6738.514313109391,3,20215.542939328174
113,C032,2025-06-25,Computer,Electronics,4537.147406478036,4,18148.589625912144
114,C037,2025-06-02,Vacuum,Electronics,7228.100590805976,0,0.0
115,C046,2025-03-19,Necklace,Accessories,,0,
116,C040,2025-11-05,Mouse,Electronics,9176.617664854988,2,18353.235329709976
117,C024,2025-08-08,Bed,Furniture,3936.4850205077023,5,19682.425102538513
118,C029,2025-09-28,Sofa,Furniture,9523.970926678317,4,38095.88370671327
119,C018,2025-08-08,Vacuum,Electronics,5011.032481370053,4,20044.12992548021
120,C089,2025-07-22,Computer,Electronics,9734.287983569817,5,48671.439917849086
121,C019,2025-08-11,Necklace,Accessories,243.05103721800683,0,0.0
122,C055,2025-06-24,Notebook,Office,4474.892128484283,5,22374.460642421414
123,C026,2025-10-22,Sofa,Furniture,6160.76752121504,4,24643.07008486016
124,C012,2025-10-08,Sofa,Furniture,575.4751685032601,4,2301.9006740130403
125,C075,2026-01-02,Bed,Furniture,2248.674487279219,5,11243.372436396096
126,C051,2025-05-11,Computer,Electronics,6611.22991186347,5,33056.14955931735
127,C019,2026-01-29,Ring,Accessories,8022.558582064731,1,8022.558582064731
128,C014,2025-11-05,Mouse,Electronics,5576.346740084823,4,22305.386960339292
129,C099,2025-09-07,Bed,Furniture,9641.911537800215,0,0.0
130,C045,2025-07-24,Vacuum,Electronics,5911.785742008689,3,17735.35722602607
131,C062,2025-05-21,Mouse,Electronics,6366.167594337563,4,25464.670377350252
132,C081,2025-03-01,Notebook,Office,7536.524816633206,4,30146.099266532823
133,C092,2026-02-01,Bed,Furniture,5286.969275642812,2,10573.938551285624
134,C010,2025-05-01,Sofa,Furniture,,3,
135,C055,2026-02-06,Sofa,Furniture,2115.5254154047216,3,6346.576246214165
136,C064,2025-08-06,Ring,Accessories,7792.21206935336,2,15584.42413870672
137,C021,2026-01-24,Notebook,Office,2621.3382491770026,4,10485.35299670801
138,C015,2025-03-21,Ring,Accessories,1974.7847018965033,5,9873.923509482516
139,C014,2026-01-28,Mouse,Electronics,1089.3194810889634,3,3267.95844326689
140,C043,2025-03-21,KeyBoard,Electronics,9227.306794683971,3,27681.92038405191
141,C090,2025-09-20,KeyBoard,Electronics,584.2661473986938,1,584.2661473986938
142,C032,2025-10-09,Sofa,Furniture,7995.6963478451335,2,-15991.392695690267
143,C008,2025-07-22,Sofa,Furniture,9807.337492248595,2,19614.67498449719
144,C030,2025-06-23,Notebook,Office,4134.583915162625,4,16538.3356606505
145,C052,2025-12-27,Necklace,Accessories,9443.725373623103,5,47218.62686811552
146,C093,2025-04-11,Vacuum,Electronics,,2,
147,C024,2025-10-19,Mouse,Electronics,5565.298624281166,2,11130.597248562332
148,C037,2025-04-25,Bed,Furniture,7039.222600160463,0,0.0
149,C069,2025-03-27,Vacuum,Electronics,,5,
150,C046,2025-04-12,Ring,Accessories,1552.2192829586988,2,3104.4385659173977
151,C063,2025-07-23,Necklace,Accessories,2175.881496365285,4,8703.52598546114
152,C023,2026-01-15,Mouse,Electronics,2964.586724947941,1,2964.586724947941
153,C017,2025-05-17,Vacuum,Electronics,9409.654485489542,5,47048.27242744771
154,C080,2025-04-22,Computer,Electronics,,3,
155,C048,2025-12-05,KeyBoard,Electronics,9921.128260673935,3,29763.384782021807
156,C046,2025-10-21,Vacuum,Electronics,2266.5149449499545,1,2266.5149449499545
157,C020,2026-01-22,Mouse,Electronics,4806.802109271758,5,24034.01054635879
158,C002,2025-12-21,Computer,Electronics,720.6423783101914,3,2161.927134930574
159,C069,2026-01-21,Vacuum,Electronics,8242.748488527379,5,41213.742442636896
160,C024,2026-02-01,Necklace,Accessories,3546.39570645582,5,17731.9785322791
161,C035,2025-04-06,Ring,Accessories,2785.3943589196683,5,13926.971794598341
162,C066,2025-09-28,Computer,Electronics,4295.712470326938,5,21478.56235163469
163,C099,2026-02-03,Notebook,Office,6266.435732009204,1,6266.435732009204
164,C093,2025-08-19,Mouse,Electronics,9231.671812134136,3,27695.01543640241
165,C093,2025-05-13,Mouse,Electronics,7085.219325329389,5,35426.09662664695
166,C092,2025-07-06,KeyBoard,Electronics,8741.749386449417,3,26225.24815934825
167,C036,2026-01-17,Ring,Accessories,5241.302810276473,1,5241.302810276473
168,C097,2025-04-30,Sofa,Furniture,2049.151632526145,1,2049.151632526145
169,C088,2025-03-14,Computer,Electronics,6142.2764981225,4,24569.10599249
170,C041,2025-08-25,KeyBoard,Electronics,4356.203913961215,3,13068.611741883646
171,C064,2026-01-27,Mouse,Electronics,1541.1617589908444,3,4623.485276972533
172,C096,2025-09-03,Sofa,Furniture,2625.5307039505315,5,13127.653519752657
173,C080,2025-03-26,Sofa,Furniture,2547.1223348848416,4,10188.489339539366
174,C051,2025-08-31,Necklace,Accessories,9943.633893308826,3,29830.90167992648
175,C013,2025-03-16,Sofa,Furniture,5392.631047713473,1,5392.631047713473
176,C010,2025-04-20,Bed,Furniture,3569.2935017344316,1,3569.2935017344316
177,C023,2025-11-09,Computer,Electronics,2308.306715150126,3,6924.920145450378
178,C024,2025-04-17,Computer,Electronics,8818.202260877235,3,26454.606782631705
179,C088,2025-03-15,Ring,Accessories,9674.944533279582,3,29024.83359983875
180,C094,2025-03-14,Ring,Accessories,1854.1151958826365,1,1854.1151958826365
181,C009,2025-04-14,Vacuum,Electronics,842.0191803538314,1,842.0191803538314
182,C054,2025-10-20,Necklace,Accessories,6041.334797542834,2,12082.669595085668
183,C090,2025-11-12,KeyBoard,Electronics,7912.560029998197,1,7912.560029998197
184,C032,2025-11-10,Computer,Electronics,425.37720816327175,3,1276.1316244898153
185,C044,2025-03-18,Mouse,Electronics,3048.2637682046843,3,9144.791304614053
186,C059,2025-04-08,Necklace,Accessories,2614.7119139648953,1,2614.7119139648953
187,C019,2026-01-30,Mouse,Electronics,8838.069273340576,2,17676.13854668115
188,C047,2025-04-01,Sofa,Furniture,827.4123366604358,2,1654.8246733208716
189,C066,2025-10-28,KeyBoard,Electronics,9419.175358382361,3,-28257.526075147085
190,C036,2025-09-29,Notebook,Office,4060.08440739364,4,16240.33762957456
191,C011,2025-10-31,Notebook,Office,8629.457641912799,2,17258.915283825598
192,C061,2025-04-12,Computer,Electronics,5911.977332648367,0,0.0
193,C040,2025-09-22,Notebook,Office,7472.106296217937,1,-7472.106296217937
194,C091,2026-01-29,Notebook,Office,1329.436308533181,4,5317.745234132724
195,C063,2026-01-09,Mouse,Electronics,9373.277889195075,1,9373.277889195075
196,C033,2026-02-01,Computer,Electronics,6218.27165982123,5,31091.35829910615
197,C060,2025-04-28,Necklace,Accessories,2640.3213569729814,1,2640.3213569729814
198,C086,2025-07-22,Ring,Accessories,9342.714442052235,2,18685.42888410447
199,C055,2025-09-17,Necklace,Accessories,4306.97888383917,5,21534.894419195847
200,C007,2025-05-30,Ring,Accessories,9336.284357007407,5,46681.42178503703
201,C036,2025-09-11,Vacuum,Electronics,7633.9572834953005,3,22901.871850485903
202,C006,2025-10-09,Ring,Accessories,262.09691262362725,1,262.09691262362725
203,C088,2025-09-03,Vacuum,Electronics,670.7021133285014,5,3353.510566642507
204,C098,2025-12-25,Vacuum,Electronics,5513.220299982049,2,11026.440599964099
205,C083,2026-02-14,Ring,Accessories,5752.855754887976,5,28764.27877443988
206,C067,2025-06-01,Bed,Furniture,1923.8912802877535,5,9619.456401438767
207,C091,2025-11-29,Necklace,Accessories,7010.623600272158,3,21031.870800816476
208,C045,2025-05-24,Sofa,Furniture,7129.039172644423,4,28516.156690577693
209,C076,2025-10-08,Sofa,Furniture,5905.019202429134,5,29525.096012145666
210,C040,2025-12-02,Bed,Furniture,2221.0927824220335,4,8884.371129688134
211,C043,2025-06-17,Bed,Furniture,3354.1547890483716,0,0.0
212,C087,2026-01-18,Notebook,Office,5573.890286428756,3,16721.670859286267
213,C010,2025-11-20,Bed,Furniture,1698.4994846128266,4,6793.997938451306
214,C091,2025-05-06,Mouse,Electronics,6024.776164318797,2,12049.552328637594
215,C063,2025-04-29,KeyBoard,Electronics,,2,
216,C025,2025-05-02,Notebook,Office,6230.668213945154,3,18692.00464183546
217,C027,2026-01-23,Mouse,Electronics,3035.748988689156,0,0.0
218,C028,2026-01-01,Mouse,Electronics,9276.748826074761,3,27830.246478224282
219,C062,2025-04-24,Necklace,Accessories,3118.970194223051,5,15594.850971115255
220,C078,2025-04-11,Sofa,Furniture,4231.583676342662,5,21157.918381713313
221,C080,2025-07-22,Vacuum,Electronics,9354.148859800138,2,18708.297719600276
222,C025,2025-12-16,Bed,Furniture,6837.768235148672,0,0.0
223,C029,2025-07-01,Ring,Accessories,7239.450043336133,3,21718.3501300084
224,C043,2025-06-22,Necklace,Accessories,3226.02688758902,2,6452.05377517804
225,C070,2026-01-19,Sofa,Furniture,6152.4151763386435,2,12304.830352677287
226,C083,2025-05-14,Mouse,Electronics,8751.256321687302,0,0.0
227,C097,2025-11-16,Notebook,Office,9007.043207047556,1,9007.043207047556
228,C075,2025-07-14,Ring,Accessories,7378.063739884322,0,0.0
229,C070,2025-06-19,Necklace,Accessories,2936.139993589938,0,0.0
230,C033,2025-10-15,Notebook,Office,1693.6410691598267,4,6774.564276639307
231,C027,2025-11-08,Ring,Accessories,3940.3528282806474,4,15761.41131312259
232,C084,2025-12-11,Sofa,Furniture,2428.9879350660685,1,2428.9879350660685
233,C028,2026-02-02,Ring,Accessories,6374.092718376398,3,19122.278155129192
234,C094,2025-04-01,Computer,Electronics,2335.3460698490917,3,7006.038209547275
235,C030,2026-02-22,Ring,Accessories,3393.748643333352,3,10181.245930000056
236,C027,2025-09-21,Computer,Electronics,2942.1840710972765,5,14710.920355486382
237,C005,2025-07-18,Ring,Accessories,7795.446789115688,2,15590.893578231377
238,C042,2025-07-31,Vacuum,Electronics,7985.821582217202,1,7985.821582217202
239,C013,2025-05-27,Sofa,Furniture,1565.0444317313238,3,4695.133295193971
240,C086,2025-06-12,Necklace,Accessories,8948.886959960955,3,26846.660879882867
241,C039,2025-08-03,KeyBoard,Electronics,3717.567655672679,1,3717.567655672679
242,C032,2025-03-11,Mouse,Electronics,9911.72902730014,2,19823.45805460028
243,C090,2025-03-14,Necklace,Accessories,4568.445001194895,2,9136.89000238979
244,C052,2025-11-01,Bed,Furniture,7144.6483098620765,4,28578.593239448306
245,C061,2026-02-12,Sofa,Furniture,216.77124405476405,5,1083.8562202738203
246,C082,2025-05-26,Ring,Accessories,1489.4245411890752,3,4468.2736235672255
247,C017,2025-11-11,Vacuum,Electronics,2610.384405210469,1,2610.384405210469
248,C091,2025-09-18,Vacuum,Electronics,4302.016718962513,5,21510.083594812564
249,C017,2025-06-04,Computer,Electronics,7699.313125519687,4,30797.252502078747
250,C043,2025-10-08,Sofa,Furniture,6797.222120747074,2,13594.444241494148
251,C054,2026-01-06,Notebook,Office,1963.3551516626903,3,5890.065454988071
252,C028,2026-01-20,Vacuum,Electronics,301.72973616046534,5,1508.6486808023267
253,C079,2025-12-08,Vacuum,Electronics,6519.095922600675,1,6519.095922600675
254,C049,2025-11-21,Notebook,Office,7887.5046817943485,4,31550.018727177394
255,C023,2025-04-07,Notebook,Office,9949.849553977474,1,9949.849553977474
256,C032,2025-05-17,KeyBoard,Electronics,6317.0491376960235,5,31585.245688480118
257,C026,2025-10-18,KeyBoard,Electronics,5009.7452955430235,5,25048.726477715118
258,C041,2026-01-19,Computer,Electronics,1792.5067223188598,1,1792.5067223188598
259,C088,2026-01-29,Notebook,Office,300.75754952592774,1,300.75754952592774
260,C012,2025-05-29,Sofa,Furniture,8112.771605678052,0,-0.0
261,C012,2025-05-05,Sofa,Furniture,5700.960712243209,2,11401.921424486418
262,C048,2025-04-25,Bed,Furniture,9752.823356616027,0,0.0
263,C076,2026-02-10,Computer,Electronics,8518.804550960707,0,0.0
264,C083,2025-09-20,Sofa,Furniture,3536.054291783827,2,7072.108583567654
265,C055,2025-03-05,Necklace,Accessories,5977.985119300337,4,23911.940477201348
266,C011,2025-03-25,Bed,Furniture,3307.5982041003417,2,6615.196408200683
267,C081,2025-09-28,Necklace,Accessories,799.4881210802127,3,2398.4643632406382
268,C009,2025-09-25,Computer,Electronics,8856.1608645683,3,26568.482593704903
269,C025,2026-02-20,Computer,Electronics,7914.387794088472,5,39571.93897044236
270,C041,2026-01-07,KeyBoard,Electronics,8707.890624696829,4,34831.562498787316
271,C032,2025-03-24,Bed,Furniture,3745.581304189391,5,18727.906520946955
272,C051,2025-08-21,KeyBoard,Electronics,6742.772056779256,5,33713.860283896276
273,C064,2025-09-07,Computer,Electronics,9291.84054544734,1,9291.84054544734
274,C060,2025-06-18,KeyBoard,Electronics,2142.443777651951,1,2142.443777651951
275,C044,2026-01-18,Necklace,Accessories,1545.971349365468,3,4637.914048096404
276,C075,2025-04-17,Mouse,Electronics,3878.090358766217,4,15512.361435064868
277,C073,2025-04-04,Sofa,Furniture,7911.891577260694,0,0.0
278,C098,2026-02-01,Vacuum,Electronics,7719.567892305044,4,30878.271569220175
279,C021,2025-09-10,Notebook,Office,9306.131955678968,1,9306.131955678968
280,C046,2025-12-30,Sofa,Furniture,9265.559485890892,2,-18531.118971781783
281,C064,2026-01-02,Necklace,Accessories,7655.968159649526,2,15311.936319299051
282,C011,2025-12-27,Sofa,Furniture,9385.371592296087,5,46926.85796148043
283,C075,2025-05-30,Ring,Accessories,847.6663974649301,1,847.6663974649301
284,C066,2025-04-04,KeyBoard,Electronics,8136.009422059566,4,32544.037688238262
285,C078,2025-08-31,Notebook,Office,4904.175377226616,2,9808.350754453231
286,C013,2025-09-01,Ring,Accessories,,5,
287,C052,2025-07-08,Vacuum,Electronics,2248.432960019044,4,8993.731840076176
288,C026,2025-06-06,Bed,Furniture,5236.310247532715,2,10472.62049506543
289,C075,2025-09-14,Necklace,Accessories,8803.034550494049,5,44015.172752470244
290,C047,2025-04-25,Notebook,Office,8145.768201812449,5,40728.84100906224
291,C039,2025-07-25,Computer,Electronics,7361.058732469267,4,29444.234929877068
292,C099,2025-07-10,Notebook,Office,4250.485817002896,5,21252.42908501448
293,C090,2026-01-17,Mouse,Electronics,7201.154298157454,1,7201.154298157454
294,C062,2025-03-19,Computer,Electronics,2440.4905105358703,1,2440.4905105358703
295,C026,2026-02-18,Mouse,Electronics,5930.9730141769005,1,5930.9730141769005
296,C079,2025-10-21,Notebook,Office,2205.5116779035243,5,11027.55838951762
297,C078,2025-12-29,Bed,Furniture,5965.270705002342,4,23861.082820009367
298,C022,2025-07-24,Mouse,Electronics,8911.772920563926,5,44558.86460281963
299,C062,2025-10-20,Mouse,Electronics,7542.788820389069,0,0.0
300,C027,2025-12-06,Necklace,Accessories,6209.613167093167,3,18628.8395012795
301,C095,2025-03-31,KeyBoard,Electronics,3591.8134688919586,2,7183.626937783917
302,C080,2025-06-01,Necklace,Accessories,8719.654999858934,4,34878.61999943574
303,C043,2026-02-18,Notebook,Office,8570.174365649922,1,8570.174365649922
304,C095,2025-09-17,Computer,Electronics,8612.363670005245,2,17224.72734001049
305,C043,2025-10-31,Notebook,Office,60.73516026262675,1,60.73516026262675
306,C069,2026-01-30,Vacuum,Electronics,4987.18581578127,1,4987.18581578127
307,C092,2025-09-11,Sofa,Furniture,488.95669573159864,5,2444.7834786579933
308,C069,2025-10-08,Mouse,Electronics,9063.73367072041,3,27191.201012161233
309,C025,2025-10-26,Bed,Furniture,8420.481554217995,3,25261.444662653987
310,C004,2025-04-01,Necklace,Accessories,9483.651976342693,5,47418.259881713464
311,C005,2025-05-19,KeyBoard,Electronics,244.7241429945879,5,1223.6207149729396
312,C027,2025-08-04,Necklace,Accessories,2687.5735456960033,4,10750.294182784013
313,C036,2025-11-18,KeyBoard,Electronics,8970.248552225336,4,35880.99420890134
314,C083,2025-09-12,Sofa,Furniture,,4,
315,C070,2025-04-14,Notebook,Office,1588.922545828896,5,-7944.612729144481
316,C094,2025-11-04,Mouse,Electronics,369.6841948314123,1,-369.6841948314123
317,C020,2025-10-06,Mouse,Electronics,754.1732951476157,2,1508.3465902952314
318,C076,2025-10-05,KeyBoard,Electronics,538.4064904557465,3,1615.2194713672395
319,C048,2025-03-12,KeyBoard,Electronics,7080.507205840897,4,28322.028823363587
320,C042,2025-07-15,Notebook,Office,7876.401758585429,2,15752.803517170858
321,C097,2025-11-03,Necklace,Accessories,5561.561098319564,1,5561.561098319564
322,C042,2025-04-05,Notebook,Office,7124.154779564195,4,-28496.61911825678
323,C004,2025-08-11,KeyBoard,Electronics,4273.329792494364,4,17093.319169977454
324,C034,2025-06-22,Mouse,Electronics,142.59581031366315,4,570.3832412546526
325,C032,2025-07-16,Necklace,Accessories,163.23086962810098,0,0.0
326,C054,2025-08-18,Computer,Electronics,747.5422402157342,4,2990.1689608629367
327,C058,2025-10-14,Vacuum,Electronics,5022.3880189959555,4,-20089.552075983822
328,C017,2025-05-04,Notebook,Office,9520.547878490039,3,28561.643635470115
329,C032,2025-08-07,Notebook,Office,5581.20118190668,1,5581.20118190668
330,C029,2025-06-20,Sofa,Furniture,1097.0507502841524,0,0.0
331,C021,2025-09-29,Notebook,Office,2907.9292603390686,4,11631.717041356274
332,C090,2025-03-08,Notebook,Office,4798.245334963436,1,4798.245334963436
333,C046,2026-01-24,Ring,Accessories,1739.4319227890533,4,6957.727691156213
334,C030,2025-06-10,Vacuum,Electronics,550.3753085803495,4,2201.501234321398
335,C003,2026-01-24,Sofa,Furniture,176.70962319230935,0,0.0
336,C014,2026-01-12,Notebook,Office,783.142904517202,5,3915.7145225860104
337,C016,2025-07-17,Necklace,Accessories,5410.177672247625,5,27050.888361238125
338,C055,2026-01-19,Vacuum,Electronics,6258.346148169663,1,6258.346148169663
339,C066,2025-11-27,Notebook,Office,3933.512986532293,4,15734.051946129171
340,C096,2025-12-24,Computer,Electronics,9817.645867029347,5,49088.22933514674
341,C065,2025-11-24,KeyBoard,Electronics,7024.730964846601,4,28098.923859386403
342,C017,2025-09-16,KeyBoard,Electronics,,4,
343,C008,2025-06-01,KeyBoard,Electronics,7921.008488838542,4,31684.033955354167
344,C049,2025-10-27,Ring,Accessories,6873.072269434852,2,13746.144538869705
345,C011,2025-12-08,Ring,Accessories,9685.433665167502,3,29056.300995502505
346,C026,2025-03-17,KeyBoard,Electronics,2395.8654998189977,2,4791.730999637995
347,C054,2025-04-30,Necklace,Accessories,6355.414703344723,3,19066.24411003417
348,C056,2025-05-25,Bed,Furniture,8950.559778612247,0,0.0
349,C044,2025-05-20,Vacuum,Electronics,6147.263926941223,3,18441.791780823667
350,C079,2025-12-15,Sofa,Furniture,6053.819736476591,2,12107.639472953182
351,C081,2025-07-24,Bed,Furniture,8700.352327135659,5,43501.7616356783
352,C083,2025-10-15,KeyBoard,Electronics,1216.4505824485097,4,4865.802329794039
353,C058,2025-08-02,Ring,Accessories,7466.5828856584785,0,0.0
354,C010,2025-10-03,Ring,Accessories,220.14671323085363,2,440.29342646170727
355,C054,2025-10-23,Sofa,Furniture,6365.157839849224,0,0.0
356,C072,2025-12-19,Ring,Accessories,1349.8521387579638,0,-0.0
357,C033,2025-10-30,Bed,Furniture,9905.50818384144,4,39622.03273536576
358,C054,2025-10-21,Mouse,Electronics,5744.668985404366,1,5744.668985404366
359,C059,2025-05-20,Bed,Furniture,4138.827522915459,1,-4138.827522915459
360,C035,2025-04-01,Computer,Electronics,6724.154584225096,0,0.0
361,C001,2025-02-28,Necklace,Accessories,264.90054977662646,5,1324.5027488831324
362,C096,2026-01-08,Notebook,Office,7575.1374069449475,3,22725.41222083484
363,C081,2025-04-27,Sofa,Furniture,9295.411607109845,4,37181.64642843938
364,C031,2025-02-27,Mouse,Electronics,2338.020253526712,4,9352.081014106849
365,C012,2025-11-20,Sofa,Furniture,912.8340104931408,2,1825.6680209862816
366,C084,2026-01-13,Notebook,Office,7185.909369214038,2,14371.818738428075
367,C084,2025-11-02,Computer,Electronics,274.1845234568217,5,1370.9226172841086
368,C081,2025-04-24,Computer,Electronics,7572.097832347882,2,15144.195664695764
369,C017,2025-09-01,Computer,Electronics,3776.053594283435,0,0.0
370,C084,2025-04-20,Bed,Furniture,6179.44642436278,3,18538.33927308834
371,C098,2025-05-18,Vacuum,Electronics,4248.453573130375,5,-21242.267865651876
372,C060,2025-05-03,Bed,Furniture,590.7211388434055,0,0.0
373,C078,2025-07-07,KeyBoard,Electronics,,4,
374,C088,2025-07-23,KeyBoard,Electronics,2056.086967698101,2,4112.173935396202
375,C070,2025-07-15,Sofa,Furniture,3150.0561380026957,2,6300.112276005391
376,C075,2025-06-03,Ring,Accessories,2176.903946358383,2,4353.807892716766
377,C049,2025-08-09,Notebook,Office,3840.9879450717335,4,15363.951780286934
378,C099,2025-03-25,Computer,Electronics,6315.82019070381,2,12631.64038140762
379,C012,2025-11-25,Vacuum,Electronics,1461.2040691167058,3,4383.612207350117
380,C072,2025-06-10,Mouse,Electronics,6413.794136467362,2,12827.588272934723
381,C022,2025-07-17,KeyBoard,Electronics,9892.476446802952,1,9892.476446802952
382,C031,2025-10-30,Computer,Electronics,9948.354923775176,2,19896.70984755035
383,C001,2025-05-06,Bed,Furniture,7335.477111493141,2,14670.954222986282
384,C054,2025-08-01,Ring,Accessories,6824.416728808111,1,6824.416728808111
385,C088,2025-07-29,Vacuum,Electronics,7702.142489817874,3,23106.42746945362
386,C085,2025-11-05,Mouse,Electronics,8389.667643735007,0,0.0
387,C049,2025-06-11,Sofa,Furniture,6353.166755077344,0,0.0
388,C032,2025-11-27,Bed,Furniture,14.13223690528519,3,42.39671071585557
389,C002,2025-11-13,Ring,Accessories,8958.514575731851,1,8958.514575731851
390,C037,2025-04-02,Notebook,Office,956.3080180093152,4,3825.232072037261
391,C084,2025-09-09,Vacuum,Electronics,4735.302474935778,1,4735.302474935778
392,C075,2025-04-02,Sofa,Furniture,9569.912330739591,0,0.0
393,C011,2026-02-05,Mouse,Electronics,5256.521357824144,3,15769.564073472431
394,C062,2025-11-08,Computer,Electronics,3797.1222239090307,2,7594.244447818061
395,C012,2026-02-10,Computer,Electronics,7000.241295723862,4,28000.96518289545
396,C040,2025-02-28,KeyBoard,Electronics,5872.672292406346,4,23490.689169625384
397,C077,2025-08-08,Notebook,Office,6533.796544460794,5,32668.982722303972
398,C047,2025-04-24,Sofa,Furniture,984.1916819294945,5,4920.958409647473
399,C008,2025-04-01,Bed,Furniture,1987.5820172181598,2,3975.1640344363195
400,C032,2025-10-19,Bed,Furniture,9378.070389693414,1,9378.070389693414
401,C028,2025-04-09,Mouse,Electronics,9463.743907411776,2,18927.48781482355
402,C041,2025-12-12,Notebook,Office,5839.955670542268,5,29199.778352711342
403,C062,2025-11-16,Sofa,Furniture,3772.804957405609,5,18864.024787028044
404,C016,2025-04-28,KeyBoard,Electronics,8727.231309399374,2,17454.46261879875
405,C067,2025-09-26,Necklace,Accessories,1998.6370890759717,5,9993.185445379859
406,C089,2025-07-16,Bed,Furniture,6785.015181941702,3,20355.04554582511
407,C058,2025-06-28,Sofa,Furniture,7932.39397929164,2,15864.78795858328
408,C055,2025-08-22,KeyBoard,Electronics,1599.0783885946896,2,3198.156777189379
409,C091,2025-05-10,Bed,Furniture,566.661165893926,4,2266.644663575704
410,C079,2025-10-16,Necklace,Accessories,367.9541963848762,5,1839.770981924381
411,C050,2026-01-25,Necklace,Accessories,5305.676713013176,2,10611.353426026351
412,C091,2025-10-11,KeyBoard,Electronics,5357.683896106684,3,16073.051688320053
413,C061,2025-08-21,Ring,Accessories,8911.554348256886,1,8911.554348256886
414,C010,2025-07-23,Notebook,Office,735.2551411743993,3,2205.765423523198
415,C073,2025-08-18,Notebook,Office,6854.961528684698,0,0.0
416,C015,2025-03-11,Mouse,Electronics,962.6718069260031,0,0.0
417,C011,2025-08-18,Notebook,Office,1255.895127358595,1,1255.895127358595
418,C048,2025-03-21,Ring,Accessories,9016.922447931132,3,27050.7673437934
419,C058,2025-03-22,Mouse,Electronics,5095.500633418249,3,15286.501900254747
420,C039,2025-06-11,Ring,Accessories,8035.887896521492,1,8035.887896521492
421,C086,2025-04-13,Computer,Electronics,1735.5252927833615,4,6942.101171133446
422,C018,2025-04-03,Bed,Furniture,1175.7903485228921,5,5878.951742614461
423,C004,2025-08-20,Sofa,Furniture,9115.43357827471,3,27346.30073482413
424,C053,2025-08-01,Sofa,Furniture,9868.344276418697,1,9868.344276418697
425,C090,2026-01-08,Ring,Accessories,6857.645167900132,4,27430.580671600528
426,C100,2025-12-19,Ring,Accessories,7762.796717520798,4,31051.18687008319
427,C064,2025-04-17,Necklace,Accessories,7853.555585665313,0,0.0
428,C003,2025-06-26,Ring,Accessories,2091.1470838642354,2,4182.294167728471
429,C059,2026-01-11,Bed,Furniture,,2,
430,C008,2025-08-23,Mouse,Electronics,6584.2209698049755,2,13168.441939609951
431,C061,2025-06-10,Necklace,Accessories,1495.5019321225525,2,2991.003864245105
432,C029,2025-04-22,Sofa,Furniture,2771.058674399974,5,13855.29337199987
433,C031,2025-03-09,Bed,Furniture,6201.005069466549,2,12402.010138933098
434,C092,2025-07-01,Sofa,Furniture,142.15243996316661,1,142.15243996316661
435,C048,2025-07-04,Necklace,Accessories,3621.6226935369186,4,14486.490774147675
436,C089,2025-08-26,Vacuum,Electronics,3153.930154287016,3,9461.790462861049
437,C098,2025-06-17,Vacuum,Electronics,1545.413898167878,0,0.0
438,C069,2025-07-01,Vacuum,Electronics,8979.570748753922,1,8979.570748753922
439,C001,2025-09-05,Sofa,Furniture,7494.703798298268,4,29978.815193193073
440,C018,2025-11-06,Sofa,Furniture,2044.626831996617,3,-6133.880495989852
441,C078,2025-05-08,KeyBoard,Electronics,5249.79530726854,5,-26248.9765363427
442,C049,2025-11-21,Ring,Accessories,8655.391254280004,4,34621.56501712002
443,C002,2026-02-19,KeyBoard,Electronics,,3,
444,C089,2025-07-10,Ring,Accessories,7195.420961825156,1,7195.420961825156
445,C086,2025-06-02,Bed,Furniture,999.9438822198657,4,3999.775528879463
446,C087,2025-06-10,Bed,Furniture,8543.86944650432,2,17087.73889300864
447,C061,2025-12-10,KeyBoard,Electronics,2635.3308748643426,5,13176.654374321713
448,C023,2025-05-17,Ring,Accessories,5872.296449429697,3,17616.88934828909
449,C052,2025-10-28,Bed,Furniture,1433.1331182542035,2,2866.266236508407
450,C013,2025-11-01,Ring,Accessories,5700.667710533443,1,5700.667710533443
451,C079,2025-08-21,Necklace,Accessories,,1,
452,C037,2025-05-02,KeyBoard,Electronics,4239.182239869059,3,12717.546719607177
453,C097,2025-03-30,KeyBoard,Electronics,6601.632434041028,4,26406.529736164113
454,C001,2026-01-13,KeyBoard,Electronics,6229.9131589809995,0,0.0
455,C014,2026-01-03,Computer,Electronics,2651.8445865774115,5,13259.222932887058
456,C063,2025-11-20,Computer,Electronics,7387.3920684897985,0,0.0
457,C024,2025-10-17,Necklace,Accessories,5648.142840804101,1,5648.142840804101
458,C045,2025-05-24,Necklace,Accessories,2400.1837539844846,3,7200.551261953454
459,C027,2025-11-02,Necklace,Accessories,1315.978573460185,0,0.0
460,C033,2025-09-03,Sofa,Furniture,1595.1944957389424,0,0.0
461,C016,2025-06-28,Bed,Furniture,8976.778806405286,1,8976.778806405286
462,C073,2025-07-10,KeyBoard,Electronics,6812.263493305573,0,0.0
463,C094,2025-12-28,KeyBoard,Electronics,1054.2726007741157,3,3162.8178023223472
464,C037,2025-06-07,Necklace,Accessories,339.4159692081534,4,1357.6638768326136
465,C090,2025-10-02,Necklace,Accessories,4460.02661276013,1,4460.02661276013
466,C064,2025-09-21,Vacuum,Electronics,9354.854825146695,3,28064.564475440086
467,C041,2026-02-01,Vacuum,Electronics,5864.03088820744,1,5864.03088820744
468,C003,2025-08-13,Bed,Furniture,4693.943743440693,2,9387.887486881385
469,C057,2025-06-01,Ring,Accessories,3315.630663955208,4,13262.522655820832
470,C063,2025-07-15,KeyBoard,Electronics,9283.358403893006,2,18566.71680778601
471,C067,2025-11-03,Computer,Electronics,782.2964863913571,3,2346.8894591740714
472,C088,2025-09-16,Computer,Electronics,8171.716450781529,0,0.0
473,C088,2025-03-05,Mouse,Electronics,9294.454747340867,2,18588.909494681735
474,C067,2025-04-29,Necklace,Accessories,3564.2686737494414,2,7128.537347498883
475,C031,2025-03-24,Sofa,Furniture,1860.7391981353855,1,1860.7391981353855
476,C051,2025-11-22,Vacuum,Electronics,9476.871723904696,1,-9476.871723904696
477,C023,2025-06-05,Bed,Furniture,4679.524770077739,1,4679.524770077739
478,C042,2025-03-08,Ring,Accessories,4216.385821807001,4,16865.543287228003
479,C078,2025-05-20,Notebook,Office,8335.895379660218,0,-0.0
480,C087,2025-05-10,Ring,Accessories,1880.1430005876489,2,3760.2860011752978
481,C090,2025-06-22,Necklace,Accessories,4360.654593686282,4,17442.61837474513
482,C018,2025-10-19,Bed,Furniture,4227.069773172098,4,16908.279092688394
483,C100,2025-08-12,Sofa,Furniture,2371.8837031970447,4,-9487.534812788179
484,C097,2025-04-28,Vacuum,Electronics,5571.7640836866,3,16715.2922510598
485,C017,2025-12-12,Mouse,Electronics,4398.085900392485,2,8796.17180078497
486,C033,2025-11-14,Mouse,Electronics,7644.70038606876,5,38223.5019303438
487,C093,2025-12-04,Ring,Accessories,84.5423412346518,5,422.711706173259
488,C054,2025-10-06,Sofa,Furniture,4207.251573186234,0,0.0
489,C040,2025-05-31,Vacuum,Electronics,8769.559688913021,3,26308.679066739063
490,C096,2025-07-02,Bed,Furniture,3890.0056418955282,2,7780.0112837910565
491,C058,2025-03-25,Notebook,Office,8129.227980801734,3,24387.6839424052
492,C057,2025-08-07,KeyBoard,Electronics,6867.0537070248565,4,27468.214828099426
493,C056,2025-08-17,Vacuum,Electronics,6816.031601657177,3,20448.09480497153
494,C016,2026-01-28,Ring,Accessories,5788.602519703141,5,28943.012598515706
495,C017,2025-12-04,Computer,Electronics,8610.363705235697,3,25831.09111570709
496,C050,2025-02-28,Mouse,Electronics,3649.6708248461614,2,7299.341649692323
497,C087,2025-06-23,Computer,Electronics,9647.953771789826,1,9647.953771789826
498,C053,2026-01-30,Bed,Furniture,3048.483668212366,1,3048.483668212366
499,C053,2025-06-08,Vacuum,Electronics,8773.80215161033,2,17547.60430322066
500,C036,2026-01-31,Necklace,Accessories,2128.740511834185,1,2128.740511834185
501,C028,2025-08-12,Mouse,Electronics,4004.6089619347026,5,20023.044809673513
502,C010,2025-07-27,Notebook,Office,7153.578275131955,3,21460.734825395863
503,C043,2025-04-26,Mouse,Electronics,7334.159187378345,2,14668.31837475669
504,C062,2025-08-10,Mouse,Electronics,2363.6236686642283,5,11818.11834332114
505,C096,2025-10-11,Vacuum,Electronics,9932.426492325096,3,29797.279476975287
506,C014,2026-01-02,Necklace,Accessories,1406.4629248186359,5,7032.314624093179
507,C024,2025-10-26,Mouse,Electronics,3437.4569651212364,4,-13749.827860484946
508,C071,2026-02-01,Vacuum,Electronics,2881.7713531011136,4,11527.085412404454
509,C005,2026-02-07,Vacuum,Electronics,5975.841469874103,5,29879.207349370514
510,C047,2025-08-03,Sofa,Furniture,7031.645261433176,2,14063.290522866351
511,C077,2025-12-11,KeyBoard,Electronics,4492.754156115683,4,17971.016624462733
512,C048,2025-06-15,Mouse,Electronics,2798.551720488695,4,11194.20688195478
513,C063,2025-06-18,Computer,Electronics,764.2242158091044,2,1528.4484316182088
514,C009,2025-10-25,Sofa,Furniture,1087.1584082572442,2,2174.3168165144884
515,C081,2025-11-06,Vacuum,Electronics,333.85758530883027,1,333.85758530883027
516,C064,2025-06-02,Bed,Furniture,157.94460433325176,3,473.8338129997553
517,C038,2025-12-11,Notebook,Office,1730.2751175721294,2,3460.5502351442587
518,C057,2025-03-12,Sofa,Furniture,1092.0568547052565,1,1092.0568547052565
519,C083,2025-05-17,Sofa,Furniture,8250.059986914044,5,41250.29993457022
520,C065,2025-10-28,Notebook,Office,3525.9728809975218,3,10577.918642992565
521,C072,2025-10-12,Sofa,Furniture,1481.2161050514196,3,4443.648315154259
522,C030,2025-05-07,KeyBoard,Electronics,,3,
523,C060,2025-12-22,Mouse,Electronics,4146.586488976871,1,-4146.586488976871
524,C010,2025-08-01,Necklace,Accessories,8704.467027260203,3,26113.401081780612
525,C037,2025-09-16,Sofa,Furniture,5890.363358993635,0,0.0
526,C034,2026-01-28,Computer,Electronics,7254.242094331236,2,14508.484188662473
527,C098,2025-11-30,KeyBoard,Electronics,3425.270181197438,3,10275.810543592313
528,C034,2025-05-30,Bed,Furniture,1794.4259439505104,1,1794.4259439505104
529,C006,2025-04-20,Vacuum,Electronics,660.966263235067,5,3304.831316175335
530,C017,2026-01-08,KeyBoard,Electronics,8330.86822352541,4,33323.47289410164
531,C005,2026-02-10,KeyBoard,Electronics,4087.4145156253753,4,16349.658062501501
532,C004,2025-07-08,Necklace,Accessories,6641.714849225133,0,0.0
533,C100,2025-11-18,Mouse,Electronics,1983.3839629930799,1,1983.3839629930799
534,C062,2026-02-17,Ring,Accessories,2874.3302701646007,1,2874.3302701646007
535,C088,2026-01-06,Bed,Furniture,7170.898908480534,2,14341.797816961069
536,C052,2025-09-14,KeyBoard,Electronics,2975.2012166667473,5,14876.006083333737
537,C022,2025-09-25,Sofa,Furniture,1151.2173265274228,3,3453.6519795822683
538,C099,2026-01-27,Computer,Electronics,5386.555112224079,1,5386.555112224079
539,C036,2025-12-04,Computer,Electronics,537.9868119411677,0,0.0
540,C026,2025-07-22,Necklace,Accessories,,3,
541,C085,2025-09-22,Necklace,Accessories,6968.715602124764,5,34843.578010623816
542,C057,2025-08-14,Bed,Furniture,8649.110317492607,0,0.0
543,C020,2025-07-09,Ring,Accessories,157.6822547023501,1,157.6822547023501
544,C014,2026-01-15,Computer,Electronics,7140.732362922724,5,35703.66181461362
545,C075,2025-07-27,Necklace,Accessories,1998.896198535376,3,5996.688595606128
546,C033,2026-02-05,Sofa,Furniture,,0,
547,C021,2025-05-24,KeyBoard,Electronics,4226.295410948731,3,12678.886232846193
548,C022,2025-11-10,Vacuum,Electronics,1724.6622686230733,1,1724.6622686230733
549,C066,2025-04-06,Computer,Electronics,5204.439333982534,3,15613.318001947602
550,C055,2026-01-04,Sofa,Furniture,4753.256477341833,5,23766.282386709165
551,C057,2025-09-22,Computer,Electronics,8682.570044859232,1,8682.570044859232
552,C093,2025-08-22,Ring,Accessories,7421.920469789398,1,7421.920469789398
553,C013,2026-02-04,Sofa,Furniture,5037.9525215964495,5,25189.762607982248
554,C045,2025-08-26,Sofa,Furniture,276.453197540823,2,552.906395081646
555,C057,2025-12-31,Vacuum,Electronics,2306.177122003038,1,2306.177122003038
556,C017,2025-11-29,Sofa,Furniture,5823.857908855127,1,5823.857908855127
557,C036,2026-01-23,Ring,Accessories,3155.101409769602,0,0.0
558,C017,2025-12-11,Bed,Furniture,1293.8420923250349,2,2587.6841846500697
559,C046,2025-03-09,Computer,Electronics,2068.5291544143133,5,10342.645772071566
560,C042,2025-05-10,Notebook,Office,8246.755042694165,2,16493.51008538833
561,C041,2025-05-09,Computer,Electronics,8441.300189157817,1,8441.300189157817
562,C062,2025-06-24,Vacuum,Electronics,3201.5028082417107,5,16007.514041208553
563,C070,2025-07-01,Sofa,Furniture,3150.9963974487505,0,0.0
564,C082,2025-09-06,KeyBoard,Electronics,4983.4140301762145,4,19933.656120704858
565,C013,2025-08-16,KeyBoard,Electronics,2599.218754413705,2,5198.43750882741
566,C069,2025-07-20,Mouse,Electronics,9926.707273909367,2,19853.414547818735
567,C092,2026-01-31,KeyBoard,Electronics,4611.043820796772,2,9222.087641593544
568,C052,2025-08-02,Notebook,Office,4240.652219456712,4,16962.60887782685
569,C034,2025-07-16,Vacuum,Electronics,5209.399529916857,4,20837.59811966743
570,C047,2025-09-10,Necklace,Accessories,7010.9474529530025,5,35054.73726476501
571,C029,2025-12-19,Notebook,Office,9745.933640842497,1,9745.933640842497
572,C040,2025-12-26,Ring,Accessories,3562.87335850596,3,10688.62007551788
573,C056,2025-10-01,Mouse,Electronics,3405.6985713923145,0,0.0
574,C004,2025-06-29,Computer,Electronics,,5,
575,C052,2025-07-20,KeyBoard,Electronics,4481.160583752604,0,0.0
576,C081,2025-04-27,Necklace,Accessories,1370.553974868352,5,6852.76987434176
577,C052,2026-02-20,Mouse,Electronics,7712.2883864121495,3,23136.865159236448
578,C012,2025-06-26,Vacuum,Electronics,9703.708082929308,5,-48518.540414646544
579,C030,2026-01-04,Computer,Electronics,613.3434784989895,5,3066.7173924949475
580,C023,2025-06-02,Ring,Accessories,4057.6850265546786,5,20288.425132773395
581,C005,2026-02-20,KeyBoard,Electronics,6406.355023235675,1,6406.355023235675
582,C003,2025-09-25,Bed,Furniture,1898.2024635487471,4,7592.8098541949885
583,C081,2025-11-07,Ring,Accessories,683.1820731959384,5,-3415.910365979692
584,C030,2025-08-03,Necklace,Accessories,9169.64984629327,4,36678.59938517308
585,C033,2025-03-15,Necklace,Accessories,6190.867388721557,5,30954.336943607785
586,C094,2025-05-13,Necklace,Accessories,2964.609754768966,1,2964.609754768966
587,C010,2026-02-20,Ring,Accessories,1794.634965266246,5,8973.17482633123
588,C008,2025-07-30,Sofa,Furniture,1256.9942516029978,1,1256.9942516029978
589,C019,2025-12-07,KeyBoard,Electronics,6273.115642763826,3,-18819.346928291478
590,C019,2025-09-30,Notebook,Office,932.494059363399,3,2797.4821780901966
591,C026,2025-09-23,Ring,Accessories,244.68519153411978,4,978.7407661364791
592,C065,2025-10-09,Necklace,Accessories,9347.835213545228,4,37391.34085418091
593,C007,2025-08-26,Bed,Furniture,5844.276153229649,5,29221.380766148246
594,C036,2026-02-20,Sofa,Furniture,9707.586446807209,3,29122.759340421624
595,C077,2025-11-11,Notebook,Office,2366.1276149458013,5,11830.638074729006
596,C041,2025-03-15,Notebook,Office,,3,
597,C005,2025-03-04,Sofa,Furniture,3231.1839126032814,5,16155.919563016407
598,C001,2025-12-14,KeyBoard,Electronics,2662.321291235938,3,7986.963873707815
599,C052,2025-04-08,Notebook,Office,6096.728502126477,4,24386.914008505908
600,C032,2026-02-07,Vacuum,Electronics,3614.161862129038,3,10842.485586387114
601,C053,2025-09-22,Mouse,Electronics,,5,
602,C021,2025-07-13,Notebook,Office,5265.182691503022,3,15795.548074509068
603,C062,2026-01-04,Sofa,Furniture,4041.9953078563117,3,12125.985923568935
604,C058,2025-04-09,Sofa,Furniture,8347.554603217312,0,0.0
605,C061,2026-02-21,Notebook,Office,3249.9546707753007,5,16249.773353876502
606,C084,2025-06-12,Sofa,Furniture,1043.5997891047662,5,5217.998945523831
607,C055,2025-12-06,Ring,Accessories,9071.915349600135,1,9071.915349600135
608,C099,2026-01-22,Mouse,Electronics,1654.9341774635589,0,0.0
609,C048,2025-03-29,Bed,Furniture,7198.473764151255,5,35992.36882075627
610,C091,2025-08-14,Notebook,Office,4300.924589315348,3,-12902.773767946044
611,C026,2025-06-27,Bed,Furniture,557.6060287858553,4,2230.424115143421
612,C095,2025-09-01,Ring,Accessories,9761.33230984379,5,48806.66154921895
613,C056,2025-11-03,Computer,Electronics,1311.8279609891167,3,3935.48388296735
614,C004,2025-11-24,Mouse,Electronics,5705.815508801567,2,11411.631017603135
615,C074,2026-02-10,Vacuum,Electronics,2919.5660979937184,3,8758.698293981155
616,C048,2025-08-19,KeyBoard,Electronics,1368.689188538215,0,0.0
617,C031,2025-06-02,Computer,Electronics,2844.439745401064,5,14222.198727005321
618,C091,2026-02-09,Necklace,Accessories,7610.599294806585,3,22831.797884419757
619,C089,2025-07-07,Necklace,Accessories,8335.575726751926,0,0.0
620,C092,2025-04-14,Computer,Electronics,7510.149746337495,3,22530.449239012487
621,C046,2025-06-22,Ring,Accessories,582.3860125716095,4,2329.544050286438
622,C043,2025-09-05,Notebook,Office,6552.500139813444,3,19657.50041944033
623,C095,2025-07-09,Bed,Furniture,1155.3266159490024,4,4621.30646379601
624,C036,2026-02-04,Notebook,Office,8595.54162612293,5,42977.70813061464
625,C008,2025-08-28,Necklace,Accessories,3852.4207472581143,2,7704.8414945162285
626,C067,2026-02-02,Mouse,Electronics,8971.245064792398,1,8971.245064792398
627,C039,2026-02-20,Mouse,Electronics,8518.998064454443,2,17037.996128908886
628,C034,2025-11-19,Necklace,Accessories,3846.9403102904835,2,7693.880620580967
629,C021,2026-01-24,Ring,Accessories,5730.721328116867,1,5730.721328116867
630,C088,2025-03-08,Bed,Furniture,8912.50628622737,2,17825.01257245474
631,C065,2025-09-25,Mouse,Electronics,7721.40280367978,3,23164.20841103934
632,C059,2025-05-30,Sofa,Furniture,,1,
633,C043,2025-03-09,Ring,Accessories,583.779363916654,0,0.0
634,C084,2025-10-21,Sofa,Furniture,5995.490123149869,3,17986.470369449606
635,C100,2025-03-16,KeyBoard,Electronics,2016.3535928049102,5,10081.767964024551
636,C079,2025-06-11,Necklace,Accessories,2100.3841353623966,1,2100.3841353623966
637,C020,2026-01-19,Mouse,Electronics,375.8275649409326,2,751.6551298818652
638,C052,2025-06-24,Mouse,Electronics,414.52997436493405,4,1658.1198974597362
639,C096,2025-09-02,Mouse,Electronics,9977.69246761535,4,39910.7698704614
640,C011,2025-11-29,Computer,Electronics,6930.085844938675,5,34650.42922469338
641,C076,2025-09-03,Bed,Furniture,8586.684579789593,3,25760.053739368777
642,C028,2025-12-06,Computer,Electronics,4997.40380231739,2,-9994.80760463478
643,C086,2025-05-02,KeyBoard,Electronics,1706.3817962531157,1,1706.3817962531157
644,C038,2025-06-22,Mouse,Electronics,1755.6053451434966,1,1755.6053451434966
645,C075,2025-11-07,Vacuum,Electronics,6410.299506392052,1,6410.299506392052
646,C035,2025-10-21,Sofa,Furniture,2411.7518351901504,1,2411.7518351901504
647,C048,2025-07-17,Necklace,Accessories,8545.831096762213,2,17091.662193524426
648,C033,2025-05-09,Sofa,Furniture,7809.213524876395,2,15618.42704975279
649,C052,2025-03-03,Mouse,Electronics,9601.799296962088,5,48008.99648481044
650,C049,2025-04-22,Necklace,Accessories,8568.05724115691,2,17136.11448231382
651,C029,2025-07-23,Vacuum,Electronics,3130.7146943733705,5,15653.573471866854
652,C024,2025-05-13,Vacuum,Electronics,9546.394685772242,3,28639.18405731673
653,C080,2025-05-29,KeyBoard,Electronics,9515.240020982934,2,19030.480041965868
654,C038,2025-03-17,Bed,Furniture,5486.712069785425,2,10973.42413957085
655,C069,2025-12-11,Sofa,Furniture,9021.807035139047,2,18043.614070278094
656,C053,2025-11-03,Notebook,Office,5936.3896247007815,3,17809.168874102346
657,C095,2025-07-19,Ring,Accessories,6406.3256375503215,4,25625.302550201286
658,C059,2025-05-08,Necklace,Accessories,4606.277395011075,1,4606.277395011075
659,C061,2025-12-03,Sofa,Furniture,6293.014739544911,1,6293.014739544911
660,C085,2025-10-09,Notebook,Office,5891.5115382447075,0,0.0
661,C064,2025-03-11,Notebook,Office,4858.3404978664485,0,0.0
662,C040,2025-03-27,Ring,Accessories,866.8475557373598,4,3467.3902229494392
663,C084,2025-07-02,Ring,Accessories,5850.758703784953,3,17552.27611135486
664,C050,2025-08-20,Necklace,Accessories,7546.740145452211,0,0.0
665,C017,2025-04-24,Necklace,Accessories,9623.033662462052,0,0.0
666,C024,2025-12-30,Mouse,Electronics,,1,
667,C002,2025-09-21,KeyBoard,Electronics,5300.19488853594,3,15900.58466560782
668,C040,2025-09-15,Vacuum,Electronics,9255.841195698646,1,9255.841195698646
669,C040,2026-02-11,Necklace,Accessories,2692.964593217958,1,2692.964593217958
670,C037,2025-03-11,Necklace,Accessories,35.7558018850242,1,35.7558018850242
671,C096,2026-02-26,Notebook,Office,5263.149258663615,4,21052.59703465446
672,C027,2025-07-08,Notebook,Office,6952.060571676901,1,6952.060571676901
673,C030,2026-01-26,Vacuum,Electronics,1525.6694281289172,3,4577.008284386751
674,C023,2026-01-16,Mouse,Electronics,1052.1804759661582,5,-5260.902379830791
675,C023,2025-06-29,Computer,Electronics,2344.7399153670076,1,2344.7399153670076
676,C087,2025-04-09,Necklace,Accessories,6790.6495859053375,0,0.0
677,C073,2025-06-21,Mouse,Electronics,4467.776783719981,5,-22338.883918599902
678,C081,2025-05-18,Bed,Furniture,4080.5124796971977,1,4080.5124796971977
679,C044,2025-10-16,Vacuum,Electronics,6560.277473143655,0,0.0
680,C003,2025-05-23,KeyBoard,Electronics,9057.539218248516,1,9057.539218248516
681,C031,2025-09-03,Bed,Furniture,2512.405584145283,4,10049.622336581131
682,C089,2025-11-24,Bed,Furniture,5941.773525250259,2,11883.547050500518
683,C010,2025-09-19,KeyBoard,Electronics,5231.736338817823,4,20926.94535527129
684,C089,2025-06-03,Notebook,Office,8278.098008029123,2,16556.196016058246
685,C011,2025-04-29,Bed,Furniture,8723.985716161182,4,34895.94286464473
686,C043,2025-07-23,Mouse,Electronics,4760.257076543706,3,14280.771229631118
687,C046,2025-04-16,Sofa,Furniture,4664.348453014958,1,4664.348453014958
688,C065,2025-07-18,Notebook,Office,7287.468742906267,3,21862.4062287188
689,C009,2025-10-30,Computer,Electronics,9596.30095225945,0,0.0
690,C050,2025-12-23,Ring,Accessories,,4,
691,C014,2025-07-18,Ring,Accessories,6072.48483633447,4,24289.93934533788
692,C092,2025-06-29,Necklace,Accessories,8743.462196874525,4,34973.8487874981
693,C043,2026-01-15,KeyBoard,Electronics,4806.955054434703,2,9613.910108869406
694,C039,2025-12-06,Notebook,Office,4623.125678020636,3,13869.377034061908
695,C098,2025-06-05,Bed,Furniture,1600.6897636763567,1,1600.6897636763567
696,C019,2025-03-17,Vacuum,Electronics,,0,
697,C055,2025-12-23,Notebook,Office,1381.7991086546772,4,5527.196434618709
698,C071,2026-01-14,Bed,Furniture,,2,
699,C011,2025-06-13,Sofa,Furniture,3767.9673290515034,2,7535.934658103007
700,C088,2025-02-28,Mouse,Electronics,8791.078946404708,3,26373.236839214125
701,C018,2025-03-06,Necklace,Accessories,3536.8439528024223,4,14147.37581120969
702,C070,2025-12-16,Ring,Accessories,4796.938302474473,5,23984.691512372367
703,C030,2026-01-08,Notebook,Office,4425.702166113258,5,22128.510830566287
704,C021,2025-07-01,Notebook,Office,2985.2629742586028,3,8955.788922775808
705,C020,2025-08-24,Bed,Furniture,4265.838409499834,5,21329.192047499168
706,C083,2025-10-24,KeyBoard,Electronics,7257.8068486913435,1,7257.8068486913435
707,C021,2025-03-05,Notebook,Office,7436.378565222683,2,14872.757130445367
708,C097,2025-03-12,Ring,Accessories,7113.456853554966,3,21340.3705606649
709,C006,2025-05-16,KeyBoard,Electronics,,2,
710,C012,2025-07-04,Notebook,Office,7795.868116411694,0,0.0
711,C055,2025-12-23,Sofa,Furniture,7296.364158101382,4,29185.456632405527
712,C065,2025-04-25,KeyBoard,Electronics,7946.305952819566,1,7946.305952819566
713,C002,2025-12-24,Ring,Accessories,561.308204785573,2,1122.616409571146
714,C051,2025-10-30,Bed,Furniture,5424.168001141546,0,0.0
715,C084,2025-03-02,KeyBoard,Electronics,7504.539328521373,1,7504.539328521373
716,C035,2025-05-09,Ring,Accessories,1949.7520078824812,4,7799.008031529925
717,C080,2026-02-22,Mouse,Electronics,2479.2877273519885,3,7437.863182055966
718,C077,2025-10-22,Notebook,Office,8011.396743128827,4,32045.58697251531
719,C031,2025-04-12,Vacuum,Electronics,,0,
720,C013,2025-03-23,Mouse,Electronics,451.59432107629345,1,451.59432107629345
721,C004,2026-02-04,KeyBoard,Electronics,863.5160749324078,4,3454.0642997296313
722,C065,2025-08-24,Bed,Furniture,8066.285423614338,3,24198.85627084301
723,C066,2026-02-09,Bed,Furniture,7635.579616175566,3,22906.7388485267
724,C004,2025-04-25,Necklace,Accessories,6940.67922109402,4,27762.71688437608
725,C081,2025-06-13,Notebook,Office,8048.837600504881,2,16097.675201009763
726,C050,2025-06-18,Vacuum,Electronics,8144.867424607179,5,40724.33712303589
727,C020,2025-09-27,Mouse,Electronics,7269.765383795805,1,7269.765383795805
728,C009,2025-05-14,Computer,Electronics,3582.9181068321973,5,17914.590534160987
729,C043,2025-12-19,Bed,Furniture,7323.005922668702,2,14646.011845337403
730,C069,2025-06-13,KeyBoard,Electronics,4246.237544732817,0,0.0
731,C037,2025-06-29,Ring,Accessories,576.260549161051,2,1152.521098322102
732,C036,2025-12-05,Notebook,Office,9906.59547018657,1,9906.59547018657
733,C019,2026-02-17,KeyBoard,Electronics,7774.758639959005,3,23324.275919877015
734,C017,2025-08-30,Mouse,Electronics,476.0968663230737,3,1428.290598969221
735,C100,2025-11-28,Mouse,Electronics,4022.6776972030448,3,12068.033091609133
736,C039,2025-08-28,Notebook,Office,4016.760397712454,2,8033.520795424908
737,C004,2025-04-01,Mouse,Electronics,7652.715915967441,5,38263.579579837206
738,C075,2025-05-08,KeyBoard,Electronics,6035.342618729172,5,30176.713093645856
739,C046,2025-08-31,Computer,Electronics,20.83866520827955,1,20.83866520827955
740,C093,2025-08-30,Bed,Furniture,8705.692700462438,2,17411.385400924875
741,C090,2025-05-18,Ring,Accessories,926.6376419193942,2,1853.2752838387885
742,C007,2025-05-16,Computer,Electronics,3204.843254219834,5,16024.216271099169
743,C083,2025-05-17,Bed,Furniture,7239.781650865025,4,28959.1266034601
744,C038,2025-07-24,Mouse,Electronics,4102.273051684784,4,16409.092206739137
745,C009,2025-08-16,Sofa,Furniture,3605.4806242270056,1,3605.4806242270056
746,C089,2025-07-04,Mouse,Electronics,9758.967349859866,2,19517.93469971973
747,C019,2025-11-09,Bed,Furniture,4721.146734946457,5,23605.733674732288
748,C086,2025-12-21,Sofa,Furniture,4958.959218260015,0,0.0
749,C070,2025-08-05,Mouse,Electronics,960.3385501837796,3,2881.0156505513387
750,C048,2025-09-14,KeyBoard,Electronics,8713.655940446053,1,8713.655940446053
751,C030,2026-02-16,Necklace,Accessories,7913.357287155871,0,0.0
752,C009,2025-11-08,Computer,Electronics,3739.8918528696004,1,3739.8918528696004
753,C060,2025-12-06,Mouse,Electronics,7556.086025306838,2,15112.172050613675
754,C018,2025-10-23,Necklace,Accessories,3165.369150820144,4,12661.476603280576
755,C086,2025-07-05,Computer,Electronics,5496.433426793571,3,16489.300280380714
756,C003,2025-05-20,Sofa,Furniture,1677.9266775497347,3,5033.780032649204
757,C065,2025-08-25,Vacuum,Electronics,6401.159590376944,5,32005.79795188472
758,C058,2026-01-07,Bed,Furniture,9337.588678828757,2,18675.177357657514
759,C012,2025-03-03,Notebook,Office,,5,
760,C041,2025-12-24,Sofa,Furniture,117.28414196237607,1,117.28414196237607
761,C043,2025-06-25,Ring,Accessories,1794.1278145102976,5,8970.639072551488
762,C045,2025-08-12,Necklace,Accessories,9751.08183540652,4,39004.32734162608
763,C025,2026-01-22,Mouse,Electronics,2269.084824104772,5,11345.42412052386
764,C088,2025-03-14,Notebook,Office,4832.30427853338,1,4832.30427853338
765,C036,2025-04-23,Notebook,Office,42.57328842455785,1,42.57328842455785
766,C053,2025-12-27,Bed,Furniture,2258.1780983709873,1,2258.1780983709873
767,C084,2025-06-18,Ring,Accessories,1744.2712387654358,5,8721.35619382718
768,C087,2025-06-23,Sofa,Furniture,563.9187686134392,2,1127.8375372268783
769,C057,2026-01-22,KeyBoard,Electronics,4399.84784238872,0,0.0
770,C062,2025-12-02,Necklace,Accessories,8673.094621955557,2,17346.189243911114
771,C005,2025-10-21,Vacuum,Electronics,1827.9037707155953,1,1827.9037707155953
772,C029,2025-11-18,Necklace,Accessories,4721.0673625927375,0,0.0
773,C019,2025-09-17,Notebook,Office,9094.447212850497,1,9094.447212850497
774,C083,2025-09-02,Computer,Electronics,2334.7386424099163,3,7004.215927229749
775,C083,2025-08-06,Necklace,Accessories,408.78541077364525,4,1635.141643094581
776,C061,2025-12-13,Necklace,Accessories,7167.079495620812,3,21501.238486862436
777,C023,2025-10-09,Necklace,Accessories,5258.244034977329,0,0.0
778,C013,2025-10-16,Mouse,Electronics,2144.9907780954677,4,8579.96311238187
779,C050,2026-01-19,Vacuum,Electronics,7777.939116481728,4,-31111.756465926912
780,C047,2025-11-04,Notebook,Office,7297.559667908766,3,21892.679003726298
781,C082,2025-07-14,Notebook,Office,2498.7127798313604,3,7496.138339494081
782,C026,2025-09-16,KeyBoard,Electronics,279.3274863812463,3,837.9824591437389
783,C067,2025-04-30,Necklace,Accessories,5957.533038368088,4,23830.13215347235
784,C084,2025-05-01,Sofa,Furniture,7328.363959477184,1,7328.363959477184
785,C012,2025-04-30,Mouse,Electronics,4917.4791895541075,1,4917.4791895541075
786,C081,2026-01-28,Vacuum,Electronics,4245.581816694645,2,8491.16363338929
787,C023,2025-06-17,Computer,Electronics,1790.0191070501462,1,1790.0191070501462
788,C052,2025-08-25,Mouse,Electronics,2204.835053137313,5,11024.175265686565
789,C062,2025-08-27,KeyBoard,Electronics,50.77191975230921,5,253.85959876154604
790,C092,2025-10-16,Sofa,Furniture,2617.5541032788346,3,7852.6623098365035
791,C068,2025-08-25,Vacuum,Electronics,6310.849956078479,1,6310.849956078479
792,C085,2025-12-26,Necklace,Accessories,9343.338680320569,3,28030.016040961706
793,C055,2025-10-11,Mouse,Electronics,3404.150661883537,4,13616.602647534148
794,C083,2025-11-17,Ring,Accessories,229.08170958266032,2,458.16341916532065
795,C081,2025-04-15,KeyBoard,Electronics,4850.856040828277,1,4850.856040828277
796,C031,2025-07-11,Sofa,Furniture,1536.4482545354929,3,4609.344763606478
797,C023,2025-11-03,Vacuum,Electronics,387.2748906225872,3,1161.8246718677615
798,C092,2025-04-09,Vacuum,Electronics,1725.0206035320007,2,3450.0412070640014
799,C051,2025-08-13,Mouse,Electronics,1520.9055292656112,1,1520.9055292656112
800,C094,2025-08-16,Sofa,Furniture,8728.297809435837,5,43641.48904717919
801,C059,2025-04-12,Necklace,Accessories,2967.83997316858,0,0.0
802,C017,2025-08-01,Sofa,Furniture,9386.349841600571,1,9386.349841600571
803,C014,2025-04-17,Vacuum,Electronics,5015.7798955425615,3,15047.339686627685
804,C005,2025-12-03,Computer,Electronics,3890.335503449175,4,15561.3420137967
805,C040,2026-02-13,Computer,Electronics,7928.615871164642,1,7928.615871164642
806,C092,2025-09-19,Computer,Electronics,5428.449895976243,3,16285.34968792873
807,C032,2025-10-26,Bed,Furniture,2514.8698405024356,4,10059.479362009743
808,C044,2025-03-19,Notebook,Office,3342.7197552607436,0,0.0
809,C066,2025-04-03,Ring,Accessories,5259.159899109525,4,21036.6395964381
810,C030,2025-12-10,Sofa,Furniture,8404.599579043748,5,42022.99789521874
811,C032,2025-11-01,Ring,Accessories,858.939154550142,1,858.939154550142
812,C058,2025-11-19,Necklace,Accessories,8604.464398150461,5,43022.32199075231
813,C004,2025-11-26,Sofa,Furniture,5828.724772191034,3,17486.174316573102
814,C037,2025-12-07,KeyBoard,Electronics,3110.025939692747,1,3110.025939692747
815,C011,2025-10-20,Mouse,Electronics,9870.954797650196,2,19741.909595300393
816,C028,2025-04-03,Vacuum,Electronics,9263.196914680151,2,18526.393829360302
817,C096,2025-04-24,Notebook,Office,4770.913781947391,3,14312.741345842172
818,C047,2025-10-22,Ring,Accessories,5591.014685711874,5,27955.07342855937
819,C041,2025-02-28,Vacuum,Electronics,697.5358913240414,5,3487.679456620207
820,C004,2026-02-08,KeyBoard,Electronics,3953.271398149003,2,7906.542796298006
821,C026,2025-06-03,Computer,Electronics,5118.214609140138,1,5118.214609140138
822,C071,2025-09-25,Vacuum,Electronics,6229.112538607125,2,12458.22507721425
823,C070,2025-11-30,Ring,Accessories,1995.8990421664626,4,7983.59616866585
824,C037,2026-02-05,Notebook,Office,6943.341560176601,5,34716.70780088301
825,C052,2025-05-07,Bed,Furniture,8901.005056623731,2,17802.010113247463
826,C003,2026-02-21,Ring,Accessories,9930.204467658115,1,9930.204467658115
827,C034,2025-12-14,Sofa,Furniture,6967.4616363644955,5,34837.308181822475
828,C058,2025-10-22,Vacuum,Electronics,340.22759154365514,1,340.22759154365514
829,C082,2025-12-04,Computer,Electronics,5144.0667103075175,2,-10288.133420615035
830,C059,2025-05-25,Sofa,Furniture,5792.389064320732,3,17377.167192962195
831,C077,2026-01-30,KeyBoard,Electronics,5656.494737618572,5,28282.47368809286
832,C051,2025-09-23,Vacuum,Electronics,312.47241596957053,2,624.9448319391411
833,C058,2025-05-12,Vacuum,Electronics,2056.369255667976,5,10281.84627833988
834,C006,2025-10-10,Sofa,Furniture,7186.464743576653,1,7186.464743576653
835,C032,2025-12-17,Ring,Accessories,2067.696583048965,4,8270.78633219586
836,C089,2025-09-27,Notebook,Office,4963.2066213110065,2,9926.413242622013
837,C083,2025-09-07,Necklace,Accessories,9911.30558825541,1,9911.30558825541
838,C020,2025-06-13,Sofa,Furniture,9071.053770622017,1,9071.053770622017
839,C059,2026-01-09,Notebook,Office,3752.526407263198,4,15010.105629052792
840,C056,2025-04-26,KeyBoard,Electronics,4378.133542702467,5,21890.667713512335
841,C067,2025-08-25,Bed,Furniture,1183.6903999396327,5,5918.4519996981635
842,C008,2025-07-15,Notebook,Office,7883.593614021901,2,15767.187228043802
843,C046,2025-10-25,Sofa,Furniture,8133.396186439485,3,24400.188559318456
844,C051,2025-12-22,Sofa,Furniture,7171.921636039298,4,28687.686544157194
845,C072,2026-01-23,Computer,Electronics,,0,
846,C097,2026-02-26,Computer,Electronics,6646.922196807339,1,6646.922196807339
847,C054,2025-09-29,Notebook,Office,8399.473676780095,3,-25198.421030340287
848,C042,2025-05-12,Notebook,Office,4332.81835027822,5,21664.0917513911
849,C002,2025-07-25,Ring,Accessories,8256.14979711187,4,33024.59918844748
850,C027,2026-02-01,KeyBoard,Electronics,7813.836503179432,2,15627.673006358864
851,C054,2026-01-05,Vacuum,Electronics,2887.4154627160146,1,2887.4154627160146
852,C017,2025-07-26,Bed,Furniture,5887.368122339783,3,17662.10436701935
853,C088,2025-08-03,Sofa,Furniture,8030.542329637685,1,8030.542329637685
854,C044,2025-10-09,Ring,Accessories,3351.4061951690287,2,6702.812390338057
855,C016,2026-01-03,Notebook,Office,4959.122977167625,3,14877.368931502875
856,C005,2025-10-10,Bed,Furniture,9474.36714892492,4,37897.46859569968
857,C015,2025-09-27,Mouse,Electronics,916.4595521477653,2,1832.9191042955306
858,C077,2025-11-28,Vacuum,Electronics,3907.392106058193,5,19536.960530290966
859,C022,2025-09-29,Mouse,Electronics,4717.172342545894,1,4717.172342545894
860,C011,2025-03-28,Computer,Electronics,1590.2919338106908,5,7951.4596690534545
861,C017,2025-03-27,Vacuum,Electronics,4388.375140751167,2,8776.750281502334
862,C017,2025-10-22,Necklace,Accessories,4229.714927869993,3,12689.144783609978
863,C023,2025-05-06,Computer,Electronics,5923.691878333522,3,17771.07563500057
864,C029,2025-08-31,KeyBoard,Electronics,634.5864152432047,0,0.0
865,C004,2025-10-11,Vacuum,Electronics,61.66832003878646,2,123.33664007757292
866,C055,2025-05-26,Mouse,Electronics,2791.0868217724146,4,11164.347287089658
867,C005,2025-05-30,Vacuum,Electronics,279.4498421107932,2,558.8996842215864
868,C084,2026-02-21,Computer,Electronics,18.923681776081743,5,94.61840888040871
869,C028,2025-04-18,Notebook,Office,4578.017752274876,3,13734.053256824629
870,C082,2025-03-27,KeyBoard,Electronics,,2,
871,C025,2026-01-23,Notebook,Office,8384.953333570302,5,-41924.76666785151
872,C030,2025-03-24,Notebook,Office,4842.06308103001,2,9684.12616206002
873,C090,2025-04-02,Mouse,Electronics,2228.4572972865617,4,8913.829189146247
874,C086,2025-07-18,KeyBoard,Electronics,9278.980867750503,5,46394.904338752516
875,C025,2025-05-03,Mouse,Electronics,2907.9924703264755,5,14539.962351632377
876,C031,2026-02-16,Computer,Electronics,9270.424784302653,0,0.0
877,C039,2025-08-28,Bed,Furniture,8021.285600827634,0,0.0
878,C095,2025-05-04,Notebook,Office,5662.238835315194,1,5662.238835315194
879,C045,2025-03-25,Computer,Electronics,8837.58164559227,4,35350.32658236908
880,C005,2025-07-09,Bed,Furniture,4942.430187833331,2,9884.860375666662
881,C085,2025-07-15,Notebook,Office,2102.5577975646465,3,6307.67339269394
882,C050,2026-01-03,Vacuum,Electronics,1493.958074344618,3,4481.874223033854
883,C025,2025-10-23,Computer,Electronics,3561.703509649395,1,3561.703509649395
884,C049,2025-12-08,Necklace,Accessories,1563.4209158186193,4,6253.683663274477
885,C070,2025-03-10,Sofa,Furniture,,3,
886,C008,2026-02-16,Sofa,Furniture,3373.276450443801,0,0.0
887,C040,2025-12-02,Computer,Electronics,8045.428457891156,5,40227.142289455776
888,C042,2025-08-10,Notebook,Office,2886.962525007559,1,2886.962525007559
889,C044,2025-03-06,Vacuum,Electronics,4132.116425034318,1,4132.116425034318
890,C037,2025-11-19,Necklace,Accessories,3048.528568489573,5,15242.642842447865
891,C041,2025-07-13,Necklace,Accessories,4113.181694822336,4,16452.726779289344
892,C036,2026-01-11,Sofa,Furniture,9555.744294912722,2,19111.488589825443
893,C023,2025-03-24,Bed,Furniture,4127.009515336372,2,8254.019030672744
894,C059,2025-11-05,Necklace,Accessories,9083.528755399877,3,27250.58626619963
895,C100,2025-12-25,Notebook,Office,4911.875025770986,2,9823.750051541972
896,C017,2025-11-20,Notebook,Office,4389.14439005412,5,21945.7219502706
897,C089,2025-07-17,Computer,Electronics,6281.005465371244,0,0.0
898,C052,2025-08-21,Ring,Accessories,9975.46132771065,3,29926.38398313195
899,C072,2026-02-07,KeyBoard,Electronics,678.0760344732932,0,0.0
900,C001,2025-09-21,Notebook,Office,4414.269308899563,0,0.0
901,C096,2025-07-23,Sofa,Furniture,9286.021314147818,2,-18572.042628295636
902,C062,2025-10-31,Computer,Electronics,6901.482479398071,2,13802.964958796141
903,C062,2025-03-28,Computer,Electronics,1872.5242623224196,1,1872.5242623224196
904,C034,2025-03-05,Necklace,Accessories,7933.497830170041,3,23800.493490510125
905,C084,2025-12-20,Mouse,Electronics,157.59887970753283,0,0.0
906,C091,2025-08-04,Ring,Accessories,9933.468770779691,2,19866.937541559382
907,C054,2025-09-23,Ring,Accessories,2319.6009704299654,1,2319.6009704299654
908,C078,2025-09-06,Vacuum,Electronics,,5,
909,C014,2025-04-14,Necklace,Accessories,7357.881984776068,4,29431.52793910427
910,C092,2025-12-21,Necklace,Accessories,,0,
911,C057,2025-08-21,Ring,Accessories,9625.551297806494,4,38502.20519122598
912,C086,2025-07-31,Bed,Furniture,9464.701172689422,5,47323.505863447106
913,C090,2025-11-15,Computer,Electronics,254.47176901857102,5,1272.358845092855
914,C039,2025-04-07,Vacuum,Electronics,710.903553995825,5,3554.5177699791248
915,C017,2025-12-12,KeyBoard,Electronics,7736.234116371594,5,38681.170581857965
916,C020,2025-10-19,Sofa,Furniture,823.8239952917515,4,3295.295981167006
917,C048,2025-06-30,Vacuum,Electronics,6654.988896094979,3,19964.966688284938
918,C016,2025-08-27,Ring,Accessories,9784.895107168426,1,9784.895107168426
919,C028,2025-04-15,Computer,Electronics,8585.188481988285,1,8585.188481988285
920,C075,2025-09-06,KeyBoard,Electronics,7362.773084097783,4,29451.09233639113
921,C015,2026-02-19,Mouse,Electronics,5119.4696049151335,1,5119.4696049151335
922,C068,2026-02-06,Bed,Furniture,4094.9818182682316,2,8189.963636536463
923,C063,2025-07-10,Computer,Electronics,5154.963871717099,0,0.0
924,C066,2025-03-20,Bed,Furniture,,4,
925,C001,2026-01-16,Mouse,Electronics,9774.691306088944,4,39098.765224355775
926,C082,2025-10-04,Computer,Electronics,2679.04499270365,4,10716.1799708146
927,C093,2025-12-13,Mouse,Electronics,1121.7886235575586,1,1121.7886235575586
928,C053,2025-12-10,Notebook,Office,,4,
929,C019,2025-07-23,Vacuum,Electronics,8971.00729487541,1,8971.00729487541
930,C061,2025-12-13,Bed,Furniture,9435.724469047025,5,47178.622345235126
931,C053,2025-05-03,Vacuum,Electronics,5882.717705374842,0,0.0
932,C068,2025-03-23,Notebook,Office,233.18958770978125,2,466.3791754195625
933,C070,2025-03-09,Ring,Accessories,5741.414796324235,5,28707.073981621175
934,C050,2025-11-07,KeyBoard,Electronics,591.7509575470641,2,1183.5019150941282
935,C028,2025-10-03,Notebook,Office,4716.1300577154825,4,18864.52023086193
936,C088,2025-07-30,Vacuum,Electronics,2340.6211903818385,3,7021.863571145515
937,C092,2026-01-16,Ring,Accessories,3417.263505228615,0,0.0
938,C064,2025-08-31,Sofa,Furniture,415.0575568396848,3,1245.1726705190545
939,C093,2025-04-12,Ring,Accessories,1144.873793791378,3,3434.6213813741338
940,C027,2025-08-10,Notebook,Office,3920.732672022582,5,19603.66336011291
941,C004,2025-07-21,Computer,Electronics,7186.091536284092,5,35930.45768142046
942,C080,2025-11-03,Bed,Furniture,8729.115809205075,2,17458.23161841015
943,C028,2026-01-26,Bed,Furniture,2003.5838428884263,4,8014.335371553705
944,C081,2025-10-03,Bed,Furniture,2745.6028883079857,1,2745.6028883079857
945,C026,2025-12-05,Mouse,Electronics,747.062279462618,5,3735.31139731309
946,C055,2025-09-17,Mouse,Electronics,3245.6218725023,2,6491.2437450046
947,C078,2025-04-05,KeyBoard,Electronics,7636.520052889939,3,22909.560158669818
948,C017,2025-09-01,KeyBoard,Electronics,1065.4109153342033,3,3196.23274600261
949,C002,2025-08-05,Bed,Furniture,1686.7719985361252,4,6747.087994144501
950,C096,2026-01-16,Bed,Furniture,2610.5680180628237,3,7831.704054188471
951,C085,2025-06-24,Bed,Furniture,1297.8205016218171,5,6489.102508109086
952,C003,2025-03-26,Mouse,Electronics,3310.989084751615,3,9932.967254254845
953,C054,2025-10-28,Notebook,Office,,5,
954,C064,2025-03-20,Sofa,Furniture,4132.033542857335,2,8264.06708571467
955,C015,2025-05-10,Notebook,Office,8318.321177505286,0,0.0
956,C078,2025-04-24,Ring,Accessories,7172.883657408645,5,35864.41828704323
957,C058,2025-11-11,Notebook,Office,6339.89789016853,5,-31699.489450842648
958,C082,2025-07-16,Necklace,Accessories,2424.867345327232,3,7274.602035981697
959,C016,2025-03-18,Notebook,Office,4315.773217362049,4,17263.092869448195
960,C044,2026-01-11,Vacuum,Electronics,1005.9663253154218,4,4023.8653012616874
961,C093,2025-12-09,Sofa,Furniture,,0,
962,C085,2025-12-25,KeyBoard,Electronics,6770.634809488382,3,20311.904428465146
963,C065,2025-08-24,Necklace,Accessories,8311.586249493777,1,8311.586249493777
964,C018,2025-07-18,Notebook,Office,4175.025358434171,1,4175.025358434171
965,C084,2025-11-10,Necklace,Accessories,2282.0282657885105,0,0.0
966,C025,2025-12-14,Necklace,Accessories,3153.028912227303,1,3153.028912227303
967,C010,2025-11-11,KeyBoard,Electronics,2651.5709981834098,3,7954.712994550229
968,C003,2026-01-09,Vacuum,Electronics,2506.013791488628,3,7518.0413744658845
969,C029,2025-03-07,Sofa,Furniture,2182.282482988243,4,8729.129931952972
970,C055,2025-04-24,KeyBoard,Electronics,6509.604758230778,2,13019.209516461557
971,C079,2025-03-14,Ring,Accessories,953.4329431839559,5,4767.164715919779
972,C010,2025-08-17,Mouse,Electronics,6958.9575586583105,3,-20876.872675974933
973,C026,2025-09-14,Computer,Electronics,1514.2637935620935,0,0.0
974,C036,2025-10-22,Computer,Electronics,1058.4487871985743,5,5292.243935992872
975,C061,2025-10-25,Ring,Accessories,6734.779163335084,5,33673.895816675424
976,C082,2025-06-19,Vacuum,Electronics,7425.0124923798785,3,22275.037477139635
977,C075,2025-06-28,Notebook,Office,3751.5465954628958,0,0.0
978,C003,2026-02-06,Ring,Accessories,3970.883381282056,4,15883.533525128223
979,C074,2025-03-31,Computer,Electronics,5446.296750277491,1,5446.296750277491
980,C091,2025-03-26,Computer,Electronics,,5,
981,C029,2025-09-22,Bed,Furniture,9574.364856892542,1,9574.364856892542
982,C008,2025-08-22,KeyBoard,Electronics,7928.980374022144,3,23786.941122066433
983,C010,2025-08-07,Bed,Furniture,,1,
984,C079,2025-09-16,KeyBoard,Electronics,7965.304615764598,4,31861.21846305839
985,C052,2025-06-07,Mouse,Electronics,2726.548686761676,3,8179.6460602850275
986,C072,2025-08-25,Sofa,Furniture,3238.3127963759976,4,12953.25118550399
987,C022,2026-01-12,Computer,Electronics,1736.6436016157638,4,6946.574406463055
988,C087,2025-05-09,Notebook,Office,3773.1791414704626,4,15092.71656588185
989,C007,2025-12-18,KeyBoard,Electronics,1050.59419182255,4,4202.3767672902
990,C073,2025-07-21,Mouse,Electronics,,0,
991,C072,2025-07-24,Sofa,Furniture,6866.775166160536,4,27467.100664642145
992,C028,2025-06-04,KeyBoard,Electronics,7379.291841815045,2,14758.58368363009
993,C017,2025-12-23,KeyBoard,Electronics,8661.69008494563,5,-43308.45042472815
994,C067,2025-08-16,Ring,Accessories,3103.660995446696,4,12414.643981786783
995,C061,2025-11-18,KeyBoard,Electronics,8791.464185687277,4,35165.85674274911
996,C077,2025-10-30,Bed,Furniture,2224.19616638088,2,4448.39233276176
997,C047,2025-06-28,Vacuum,Electronics,707.2496428913138,5,3536.248214456569
998,C048,2025-11-07,Sofa,Furniture,1429.6606293946459,4,5718.6425175785835
999,C074,2025-11-07,Computer,Electronics,,5,
1000,C033,2025-06-20,Computer,Electronics,7692.94442327947,3,23078.83326983841
